user_id,user_gender,user_age,age_group,country,location,interests
12.0,Male,56,55-65,Japan,New Jeremy,"lifestyle, health"
50.0,Female,17,16-17,Canada,Lake Juanville,"food, finance"
62.0,Female,16,16-17,France,Davidside,"photography, art, food"
67.0,Male,38,35-44,United States,East Gary,"travel, gaming, art"
70.0,Male,23,18-24,United States,Audreyton,"photography, food"
95.0,Female,28,25-34,United Kingdom,Port Thomas,"photography, fashion"
107.0,Male,33,25-34,United States,Elizabethshire,food
120.0,Male,38,35-44,Canada,New Roberto,"fashion, news"
172.0,Female,31,25-34,United Kingdom,Markside,"finance, sports"
250.0,Male,20,18-24,Mexico,Mcdonaldmouth,finance
261.0,Male,16,16-17,Mexico,Port Jenniferside,art
336.0,Female,25,25-34,United States,West Michael,fashion
400.0,Male,23,18-24,United States,Karenville,"photography, fashion, finance"
430.0,Female,20,18-24,United Kingdom,Fullermouth,"health, sports, technology"
449.0,Male,27,25-34,India,Sanchezberg,"photography, gaming, art"
468.0,Female,19,18-24,United States,Mccormicktown,finance
516.0,Female,24,18-24,Brazil,Johnsonport,"fitness, fashion, health"
522.0,Female,22,18-24,Japan,Paynestad,photography
530.0,Male,21,18-24,United States,Stoneshire,"finance, sports, news"
545.0,Male,26,25-34,India,Duranburgh,"news, fitness"
559.0,Female,25,25-34,United Kingdom,Jerryport,"health, travel, sports"
567.0,Male,28,25-34,United States,Lake Andrew,gaming
612.0,Female,32,25-34,United Kingdom,South Tinaville,food
686.0,Male,32,25-34,India,Stephanieburgh,"technology, sports"
724.0,Male,27,25-34,Japan,Lake Nathan,"technology, sports"
894.0,Other,16,16-17,United States,North Pattychester,fashion
1029.0,Male,29,25-34,United States,Port Michael,"finance, technology, gaming"
1049.0,Other,26,25-34,Brazil,South Robertbury,finance
1062.0,Female,25,25-34,Germany,Freemanville,"art, lifestyle, finance"
1095.0,Female,42,35-44,United States,Jamesville,"lifestyle, technology"
1111.0,Male,39,35-44,United Kingdom,East Melaniehaven,"fashion, sports, health"
1187.0,Other,16,16-17,France,East Linda,"technology, finance, news"
1239.0,Female,42,35-44,Brazil,North Johnshire,health
1320.0,Male,44,35-44,United States,West Tracychester,"finance, technology"
1440.0,Male,27,25-34,United States,North Christopherborough,fitness
1512.0,Other,25,25-34,Mexico,Stephanieburgh,health
1549.0,Female,42,35-44,Australia,Gonzalezberg,"travel, art"
1585.0,Other,16,16-17,United States,New Kaylaborough,fashion
1750.0,Male,27,25-34,United States,West Feliciaburgh,fashion
1816.0,Male,25,25-34,United States,North Craig,technology
1820.0,Female,32,25-34,Canada,West Carla,"gaming, lifestyle"
1863.0,Female,28,25-34,United Kingdom,Scottstad,news
2082.0,Male,33,25-34,Canada,Edwardsborough,"technology, lifestyle, sports"
2108.0,Male,25,25-34,Mexico,West Kennethfurt,"finance, fitness"
2132.0,Male,21,18-24,Australia,New Mirandaside,"gaming, photography"
2272.0,Male,40,35-44,Brazil,Patrickton,"sports, technology"
2398.0,Male,23,18-24,United States,North Christinachester,lifestyle
2460.0,Male,24,18-24,Brazil,Monicaville,"photography, fitness"
2600.0,Male,30,25-34,Brazil,East Jenniferborough,technology
2640.0,Male,33,25-34,Germany,New Richard,"fashion, food, art"
2726.0,Male,22,18-24,Canada,Lake Rhonda,"art, news"
2859.0,Female,32,25-34,Australia,Patriciaview,"art, food"
2929.0,Female,35,35-44,Australia,Kathybury,"art, fitness"
2943.0,Female,46,45-54,Germany,Nicholsland,"gaming, photography"
2955.0,Female,16,16-17,United States,North Aaronland,lifestyle
3024.0,Male,17,16-17,United States,Marytown,photography
3028.0,Male,34,25-34,United Kingdom,Williamsland,sports
3190.0,Male,44,35-44,Canada,Sandovalport,"news, fashion"
3283.0,Male,36,35-44,Canada,North Brandon,"technology, health, fashion"
3385.0,Female,23,18-24,Canada,Ralphville,lifestyle
3454.0,Male,20,18-24,Germany,West Jessetown,"gaming, art"
3463.0,Male,48,45-54,United States,Lewisbury,"technology, fashion, travel"
3550.0,Other,23,18-24,United States,Middletonfort,health
3571.0,Female,17,16-17,Brazil,Wilsonborough,sports
3579.0,Male,24,18-24,United Kingdom,New Sarah,"sports, finance, health"
3834.0,Female,24,18-24,Germany,West Kelli,"art, lifestyle"
3893.0,Female,16,16-17,India,Raymondtown,"fitness, photography"
4073.0,Male,26,25-34,Germany,East Lindabury,"photography, lifestyle"
4248.0,Male,22,18-24,Brazil,Jacksonborough,"news, technology"
4323.0,Male,27,25-34,Canada,Nguyenfort,food
4341.0,Male,23,18-24,Brazil,South Kaitlin,"fashion, technology, photography"
4424.0,Female,31,25-34,United Kingdom,Tiffanybury,"health, art, photography"
4525.0,Female,21,18-24,Brazil,Jonesland,food
4625.0,Female,16,16-17,Australia,Chavezland,"technology, fashion"
4728.0,Male,55,55-65,United States,Melanieburgh,"gaming, news, fashion"
4784.0,Other,19,18-24,United States,New Alicia,technology
4785.0,Male,25,25-34,Japan,Port Josephmouth,"photography, travel"
4822.0,Male,41,35-44,Canada,West Paulmouth,"travel, health, art"
5037.0,Female,16,16-17,Canada,West Stephanieton,"gaming, finance"
5055.0,Male,34,25-34,United States,Murraymouth,"food, fashion, travel"
5097.0,Other,30,25-34,Germany,South Crystal,"health, technology, finance"
5098.0,Male,27,25-34,United States,West Karenton,sports
5330.0,Other,28,25-34,Canada,Port Nicole,"finance, gaming, news"
5340.0,Female,27,25-34,Australia,Mcphersonville,"food, gaming"
5341.0,Male,26,25-34,United States,Lake Angelamouth,"travel, news"
5362.0,Male,39,35-44,India,East Josefort,food
5379.0,Male,21,18-24,Canada,Wilsonton,"fashion, sports"
5409.0,Male,31,25-34,Australia,Port Zoechester,"news, gaming, technology"
5436.0,Female,28,25-34,United Kingdom,North Michaelmouth,"finance, art, fitness"
5441.0,Male,40,35-44,Canada,West Amy,"health, sports"
5720.0,Female,32,25-34,Brazil,Jacksonmouth,"technology, travel"
5891.0,Female,29,25-34,India,Hamiltonchester,"fitness, lifestyle, travel"
6080.0,Female,16,16-17,Australia,Elizabethport,"health, food"
6090.0,Male,23,18-24,Germany,South Timothyfurt,"finance, fashion"
6212.0,Male,16,16-17,Germany,New Douglashaven,"health, sports"
6290.0,Male,22,18-24,United States,Tannermouth,"art, gaming"
6362.0,Female,33,25-34,Australia,Lake Barbaraville,"travel, sports"
6447.0,Male,26,25-34,India,South Kimberlyport,"lifestyle, sports, fitness"
6471.0,Female,41,35-44,Canada,East Michaelville,"health, lifestyle"
6477.0,Female,17,16-17,United Kingdom,New Deannafort,fashion
6503.0,Other,35,35-44,United States,Murphymouth,"travel, fitness"
6560.0,Male,20,18-24,United States,North Jeff,"technology, lifestyle, fashion"
6618.0,Male,28,25-34,United States,Lake Gary,"news, finance, lifestyle"
6627.0,Female,32,25-34,Canada,Port Susanmouth,"food, fashion, gaming"
6679.0,Male,41,35-44,Australia,Mcmahonfurt,sports
6706.0,Male,30,25-34,United States,Michaelfurt,"fitness, art"
6726.0,Male,32,25-34,Germany,Ryanville,"gaming, sports, travel"
6747.0,Female,20,18-24,Mexico,Port Olivia,"travel, gaming, finance"
6763.0,Female,34,25-34,Canada,West Brittanyhaven,"fashion, lifestyle, finance"
6810.0,Male,20,18-24,Canada,South Kimberlyburgh,"fashion, gaming"
6834.0,Male,27,25-34,France,South Ricardo,travel
6883.0,Male,23,18-24,Canada,Davidmouth,"news, fashion, health"
6917.0,Male,19,18-24,United Kingdom,Lake Ericaborough,travel
7035.0,Male,20,18-24,Brazil,Frankland,"news, finance, fashion"
7121.0,Female,27,25-34,Canada,West Javier,"finance, sports"
7191.0,Male,16,16-17,United States,Johnathanport,"fitness, art"
7232.0,Other,22,18-24,Canada,Lake Kevin,"health, sports"
7300.0,Female,27,25-34,United States,East Virginia,"sports, news"
7366.0,Male,19,18-24,Australia,West Deniseberg,"lifestyle, travel, fitness"
7752.0,Male,26,25-34,Germany,North Ryan,"technology, lifestyle, fitness"
7755.0,Female,47,45-54,Australia,Danielbury,"fitness, photography, food"
7808.0,Female,29,25-34,Australia,Port Anthony,"art, photography"
7960.0,Other,32,25-34,Japan,West Mary,"health, finance, fashion"
7992.0,Male,19,18-24,India,Martinborough,"news, fitness"
7997.0,Male,23,18-24,Brazil,Jennifermouth,"fashion, art, health"
8076.0,Male,24,18-24,Canada,Mallorystad,"news, gaming, travel"
8133.0,Male,23,18-24,United States,West Margaret,travel
8198.0,Female,31,25-34,Canada,Moranland,photography
8476.0,Other,19,18-24,United States,Port Ericaport,"lifestyle, finance, fitness"
8559.0,Other,42,35-44,United Kingdom,Anthonystad,"sports, gaming"
8600.0,Male,27,25-34,Canada,Larsenland,"gaming, fitness"
8640.0,Female,32,25-34,Germany,Carterton,"news, fitness"
8804.0,Male,22,18-24,France,Port Zachary,art
9194.0,Female,25,25-34,Brazil,Angelaton,"news, technology"
9317.0,Female,27,25-34,United Kingdom,New Donald,"sports, lifestyle"
9328.0,Male,22,18-24,United Kingdom,Ryanborough,art
9434.0,Male,16,16-17,India,Port Sarah,lifestyle
9473.0,Male,27,25-34,United Kingdom,Port Barbara,"health, technology"
9553.0,Other,24,18-24,Canada,West Zachary,"sports, fashion"
9560.0,Other,20,18-24,United Kingdom,East Wendyview,"food, gaming"
9621.0,Female,31,25-34,United States,South Amy,"technology, fitness"
9885.0,Male,26,25-34,Canada,Mistyton,food
10005.0,Male,34,25-34,Brazil,North John,"fitness, photography, finance"
10169.0,Female,27,25-34,United Kingdom,North Christopher,"fitness, food"
10290.0,Male,29,25-34,United Kingdom,North Andrea,"lifestyle, fashion, fitness"
10341.0,Other,54,45-54,United Kingdom,New Lisaland,lifestyle
10394.0,Female,35,35-44,Canada,North Dwayneberg,"health, finance"
10464.0,Male,23,18-24,Brazil,East Alexis,"technology, sports, health"
10599.0,Male,16,16-17,United States,North Danielmouth,fitness
10619.0,Other,18,18-24,United Kingdom,Michellestad,food
10621.0,Female,40,35-44,Germany,Michealfort,"finance, food"
10624.0,Female,16,16-17,France,Gregport,"travel, gaming"
10647.0,Male,21,18-24,Canada,Lake Michael,technology
10936.0,Female,33,25-34,Canada,East Jacobfurt,"food, art"
10981.0,Other,23,18-24,United Kingdom,Bowenhaven,"fitness, gaming"
10984.0,Male,16,16-17,United States,Lake Kylie,"lifestyle, travel"
11025.0,Other,31,25-34,United States,North Ericview,"lifestyle, news, travel"
11053.0,Male,37,35-44,United States,Steventown,"gaming, health, news"
11068.0,Male,29,25-34,Japan,Lake Jonathanview,"gaming, fitness, art"
11091.0,Female,28,25-34,Germany,East Peggy,"food, finance"
11135.0,Female,26,25-34,United States,Dianahaven,"travel, technology, finance"
11144.0,Female,37,35-44,United States,South Suzanne,sports
11159.0,Male,21,18-24,United States,South Jeremy,"fitness, technology"
11411.0,Other,33,25-34,United States,Richardport,"technology, art"
11492.0,Female,19,18-24,Brazil,Callahanside,"fitness, technology, fashion"
11556.0,Male,29,25-34,United States,Port Mark,technology
11674.0,Male,32,25-34,Canada,New Andrechester,"lifestyle, finance, health"
11746.0,Female,16,16-17,United Kingdom,Lake Aimee,"food, technology"
11809.0,Male,36,35-44,United Kingdom,North Kayla,"news, technology"
12050.0,Male,36,35-44,United States,West Jason,news
12348.0,Female,29,25-34,India,Goodmanborough,fashion
12478.0,Male,19,18-24,United States,Grimesberg,technology
12622.0,Female,42,35-44,United Kingdom,Webbfort,travel
12675.0,Female,24,18-24,Germany,Terrybury,lifestyle
12823.0,Female,30,25-34,Mexico,North Erikaland,"sports, art"
12965.0,Female,16,16-17,Australia,Smithside,"gaming, finance, travel"
13088.0,Female,34,25-34,United Kingdom,Jasmineland,lifestyle
13091.0,Male,16,16-17,Mexico,Lake Marymouth,"art, lifestyle, technology"
13115.0,Female,53,45-54,Brazil,West Andrealand,"news, sports"
13421.0,Male,23,18-24,United States,Jacksonshire,"health, travel, lifestyle"
13547.0,Female,30,25-34,India,New Evanmouth,"travel, food"
13584.0,Male,25,25-34,United Kingdom,Port Stephanieton,"food, photography, gaming"
13864.0,Male,18,18-24,Australia,West Larry,"health, art, gaming"
13919.0,Male,32,25-34,United Kingdom,Longborough,health
13928.0,Male,32,25-34,United Kingdom,Port Ericfurt,travel
13988.0,Female,32,25-34,Brazil,Port Brendanmouth,fashion
14419.0,Other,28,25-34,India,New Donna,"finance, fashion"
14490.0,Male,27,25-34,France,Morashire,"lifestyle, art"
14518.0,Male,30,25-34,United States,Port Michaelberg,"health, art"
14630.0,Male,33,25-34,Canada,Cuevastown,"health, technology"
14789.0,Male,29,25-34,Brazil,Lyonsstad,fitness
14876.0,Male,33,25-34,Canada,New Alejandroburgh,"fashion, fitness, gaming"
14887.0,Male,20,18-24,Brazil,Espinozaton,fitness
14910.0,Female,27,25-34,United States,Cranehaven,gaming
15043.0,Other,18,18-24,United Kingdom,New Elizabethview,technology
15067.0,Male,27,25-34,United States,Dyerberg,"news, health, fashion"
15131.0,Other,41,35-44,United States,Stacyburgh,"fashion, art, gaming"
15147.0,Male,19,18-24,United States,Phillipsside,"art, fashion, finance"
15287.0,Male,18,18-24,Mexico,Fordfort,"gaming, travel"
15405.0,Male,36,35-44,Mexico,North Sara,food
15462.0,Female,24,18-24,India,Wrightport,"gaming, lifestyle, technology"
15515.0,Female,31,25-34,India,Karenfort,technology
15937.0,Male,24,18-24,United States,Howardborough,health
16118.0,Male,25,25-34,India,West Danielton,news
16352.0,Male,24,18-24,United Kingdom,North Amber,news
16593.0,Male,28,25-34,Canada,Waynehaven,"art, finance, technology"
16830.0,Male,16,16-17,United States,Nicholasview,"fashion, fitness, finance"
17002.0,Female,20,18-24,Germany,Herreraland,"fitness, news, gaming"
17087.0,Male,16,16-17,France,East Karafort,"finance, art"
17106.0,Male,16,16-17,United States,Dominguezview,"travel, photography, food"
17160.0,Female,27,25-34,United States,Andreatown,art
17181.0,Male,29,25-34,India,New Sarahfurt,"health, food"
17301.0,Male,27,25-34,United Kingdom,Cervanteshaven,photography
17552.0,Female,34,25-34,United States,Brownhaven,food
17689.0,Male,25,25-34,Germany,South Tonyaport,technology
17720.0,Female,22,18-24,India,Michaelburgh,"finance, travel"
17885.0,Female,16,16-17,Japan,Lake Kristin,"finance, fitness, travel"
17920.0,Male,57,55-65,United States,Charlesland,"sports, lifestyle"
18002.0,Male,22,18-24,United States,East Monicastad,"health, news"
18056.0,Female,37,35-44,United Kingdom,North Teresa,"health, travel"
18137.0,Male,33,25-34,Canada,Port Karen,technology
18228.0,Male,24,18-24,France,Port Kevin,"fitness, lifestyle, gaming"
18238.0,Other,21,18-24,India,Colemanport,"health, gaming, news"
18382.0,Male,18,18-24,Germany,Port Tammyberg,fashion
18424.0,Female,26,25-34,Mexico,West Alexis,fashion
18427.0,Male,24,18-24,Canada,Amyfurt,finance
18589.0,Female,24,18-24,Japan,Perkinsmouth,"food, gaming"
18592.0,Male,35,35-44,United States,West Cynthiaport,"fashion, news, travel"
18604.0,Female,23,18-24,Canada,Lorimouth,fashion
18792.0,Other,29,25-34,India,New Chad,"art, news, food"
18872.0,Other,24,18-24,Germany,Nelsonville,"fitness, lifestyle, fashion"
18898.0,Male,26,25-34,United States,Jadefort,travel
18961.0,Male,27,25-34,United States,Bentleyshire,photography
18977.0,Male,31,25-34,United States,Patriciaport,"travel, art"
19019.0,Male,48,45-54,Canada,West Nancyville,"fitness, art"
19290.0,Male,20,18-24,Canada,Brownshire,"fitness, sports"
19310.0,Female,17,16-17,Japan,New Stevenside,fashion
19325.0,Male,28,25-34,Australia,New Kyle,"sports, travel, lifestyle"
19514.0,Female,38,35-44,Canada,New Ryanbury,"fitness, food"
19887.0,Male,32,25-34,Australia,Watsonhaven,"sports, travel, technology"
19895.0,Male,17,16-17,Australia,Lake Chase,"fitness, photography"
19959.0,Female,22,18-24,Australia,East Jasminemouth,"fashion, travel, technology"
20106.0,Female,64,55-65,United States,Stephenborough,"finance, technology, news"
20138.0,Male,27,25-34,India,Gonzalezside,"news, gaming, health"
20254.0,Other,31,25-34,Canada,Port Colleen,sports
20305.0,Other,16,16-17,Brazil,Lake Richard,"lifestyle, travel, sports"
20310.0,Male,24,18-24,India,Caldwellstad,finance
20426.0,Male,22,18-24,United States,Cathyborough,health
20450.0,Female,46,45-54,United States,Codytown,travel
20578.0,Male,37,35-44,Mexico,North Roberttown,"fitness, photography"
20631.0,Female,45,45-54,United States,Kristinaburgh,travel
20632.0,Male,26,25-34,Australia,Downshaven,"travel, finance, technology"
20667.0,Female,40,35-44,Japan,Berrychester,travel
20787.0,Male,23,18-24,United States,New Janet,"fashion, news"
20879.0,Male,40,35-44,Canada,Gonzalezfurt,"art, fashion"
20936.0,Male,28,25-34,Mexico,North Paul,travel
21025.0,Female,40,35-44,United States,South Christineburgh,"finance, food, technology"
21060.0,Female,24,18-24,United States,South Karenhaven,"fashion, fitness"
21098.0,Female,33,25-34,India,South Alanville,fitness
21210.0,Male,31,25-34,United States,Collinsland,"sports, travel"
21244.0,Male,30,25-34,Canada,Jeanettehaven,"sports, gaming"
21270.0,Other,31,25-34,United States,Lake Daniellebury,"lifestyle, news, fitness"
21278.0,Male,16,16-17,Brazil,Thompsonberg,"photography, gaming"
21307.0,Female,38,35-44,Australia,Cooperchester,lifestyle
21369.0,Male,23,18-24,Australia,Brewermouth,"photography, technology"
21559.0,Male,19,18-24,Canada,Lake Timothy,art
21560.0,Male,23,18-24,United States,North Josephchester,art
21757.0,Male,44,35-44,United States,Melissamouth,gaming
21943.0,Female,32,25-34,United Kingdom,New Heather,"photography, finance, health"
22062.0,Male,32,25-34,United States,West Tina,"photography, technology"
22078.0,Male,38,35-44,Brazil,South Lisaton,"fitness, finance"
22098.0,Male,29,25-34,United Kingdom,Wrightview,"sports, fitness"
22154.0,Male,45,45-54,United States,Kellyshire,"gaming, food, health"
22364.0,Male,32,25-34,Australia,West Selena,"technology, sports, art"
22523.0,Male,19,18-24,Australia,Hughesburgh,"travel, sports, food"
22542.0,Male,24,18-24,United Kingdom,South Erika,fashion
22587.0,Male,33,25-34,India,Port Jasonmouth,"news, travel, fitness"
22696.0,Other,26,25-34,United Kingdom,West Kimberly,gaming
22802.0,Male,23,18-24,Brazil,New Zachary,fitness
23000.0,Male,33,25-34,United States,Lake Amber,"sports, food, health"
23384.0,Male,24,18-24,Germany,Aprilbury,"health, lifestyle, finance"
23444.0,Female,30,25-34,United Kingdom,South Amandamouth,"food, technology"
23451.0,Male,21,18-24,France,Brandtstad,"food, health"
23545.0,Female,22,18-24,United States,West Brianhaven,"lifestyle, technology, fashion"
23579.0,Male,23,18-24,United States,North Saraport,"lifestyle, fitness, fashion"
23637.0,Male,33,25-34,Australia,Tylertown,art
23656.0,Male,25,25-34,India,Port John,"health, food, travel"
23750.0,Female,21,18-24,United States,Johnsonberg,"technology, news"
23781.0,Male,26,25-34,United Kingdom,South Nicholasland,gaming
23891.0,Female,24,18-24,Japan,Anthonyport,travel
24191.0,Female,31,25-34,United States,North Josephland,photography
24223.0,Male,23,18-24,United Kingdom,New Melissa,"sports, lifestyle, fashion"
24283.0,Female,21,18-24,United States,Hancockfurt,"art, travel, fitness"
24360.0,Male,18,18-24,United States,North Shannon,"news, fashion, travel"
24364.0,Male,18,18-24,United States,Curtisside,"travel, fashion, art"
24607.0,Male,21,18-24,United States,Lake Julialand,"finance, health, gaming"
24617.0,Male,30,25-34,India,Andrewhaven,"photography, gaming, food"
24737.0,Male,22,18-24,United Kingdom,North Darrellport,"news, food"
24826.0,Female,33,25-34,Australia,West Isaiahville,"food, finance"
24884.0,Female,24,18-24,Brazil,Thomasland,"finance, fitness, lifestyle"
24886.0,Male,36,35-44,India,Andrewstown,health
25085.0,Female,19,18-24,United States,Whitakerborough,"travel, fashion"
25089.0,Male,28,25-34,Canada,Burnsstad,"fashion, technology"
25299.0,Female,20,18-24,Germany,West Annahaven,"technology, food"
25379.0,Male,17,16-17,Germany,West Katherineville,"lifestyle, photography, sports"
25451.0,Male,48,45-54,United States,Port Zacharyport,"gaming, technology"
25472.0,Male,20,18-24,United States,Rickyshire,sports
25562.0,Male,32,25-34,United Kingdom,Michelleland,art
25708.0,Male,23,18-24,Germany,Latashaport,"travel, fitness, technology"
25732.0,Male,36,35-44,Australia,Andersonshire,fitness
25864.0,Male,20,18-24,United Kingdom,Ashleyshire,food
25884.0,Male,29,25-34,United Kingdom,Emilyborough,"photography, sports, finance"
25948.0,Female,33,25-34,United States,North Heatherborough,gaming
26103.0,Male,17,16-17,Germany,Haleytown,"lifestyle, fashion"
26117.0,Male,31,25-34,Germany,North Nicholasview,technology
26221.0,Female,20,18-24,France,Nelsonberg,food
26294.0,Female,16,16-17,Brazil,Bradleybury,art
26334.0,Other,34,25-34,United States,New Paula,"sports, technology, travel"
26369.0,Female,28,25-34,Japan,Colebury,art
26592.0,Male,29,25-34,United States,Davischester,health
26704.0,Male,16,16-17,Germany,North Taylor,"gaming, fitness"
26736.0,Male,29,25-34,Canada,Allisonbury,food
26828.0,Male,19,18-24,France,Aprilton,"news, travel, art"
26910.0,Male,38,35-44,Germany,Reginachester,sports
27043.0,Male,24,18-24,United Kingdom,Port Jacobberg,sports
27067.0,Male,25,25-34,United Kingdom,Cruzville,"travel, health"
27077.0,Male,26,25-34,United States,Nicholasport,gaming
27189.0,Male,19,18-24,United Kingdom,Tuckerhaven,"photography, news"
27267.0,Male,32,25-34,Germany,South Janet,health
27306.0,Female,24,18-24,United States,Lisahaven,travel
27309.0,Female,16,16-17,Germany,South Christianshire,"gaming, news"
27424.0,Other,16,16-17,Brazil,North Loriville,"food, finance, sports"
27618.0,Male,43,35-44,Brazil,Lake Maria,"news, technology"
27650.0,Male,20,18-24,United States,Port Robin,photography
27682.0,Female,16,16-17,United States,Prestontown,"photography, news"
27706.0,Male,34,25-34,Canada,Erikfurt,"gaming, fitness"
27713.0,Male,32,25-34,Japan,Port Williamtown,"technology, art"
27884.0,Female,33,25-34,United States,Jasonfurt,"finance, food, gaming"
27958.0,Male,26,25-34,United States,Romanmouth,"fashion, health"
27961.0,Female,26,25-34,India,New Anthony,"news, food, finance"
28240.0,Male,21,18-24,United Kingdom,East Jonathanton,art
28376.0,Male,30,25-34,Mexico,Port Cynthia,"technology, finance"
28629.0,Male,22,18-24,Japan,Brianaside,"sports, art, travel"
28919.0,Male,33,25-34,India,Copelandville,"health, food, fitness"
28925.0,Male,29,25-34,India,Allisonmouth,"news, fashion"
29134.0,Male,31,25-34,United States,Stanleyview,"technology, health"
29452.0,Male,18,18-24,United States,West Jennifer,fashion
29506.0,Male,26,25-34,France,South Tinaton,"news, finance"
29507.0,Female,26,25-34,United Kingdom,New Katherine,"fashion, travel, sports"
29563.0,Other,18,18-24,United States,West Loriview,finance
29661.0,Female,17,16-17,United States,New Kristen,"photography, fitness"
29669.0,Male,34,25-34,United States,Smithstad,"health, art, gaming"
29752.0,Other,32,25-34,Australia,Rachelfort,"fashion, travel, food"
29811.0,Female,36,35-44,France,Campbellmouth,"travel, news"
29901.0,Male,38,35-44,India,Brendamouth,"fitness, sports"
29906.0,Male,42,35-44,Mexico,North Keithview,food
29982.0,Male,22,18-24,India,Dixonville,"photography, health"
30074.0,Male,32,25-34,United States,Bowmanmouth,"sports, gaming, photography"
30088.0,Male,23,18-24,Japan,West Sherry,"finance, technology"
30290.0,Female,27,25-34,United Kingdom,East Kelly,"sports, photography, travel"
30404.0,Female,21,18-24,Mexico,Carlsonberg,"food, gaming"
30436.0,Male,34,25-34,United States,West Donnaport,"sports, fashion"
30534.0,Male,26,25-34,Brazil,Conleymouth,"finance, news, fashion"
30539.0,Male,31,25-34,Japan,Sandraside,art
30611.0,Male,23,18-24,France,West Raven,food
30716.0,Male,28,25-34,United Kingdom,Adamville,"travel, fashion"
30977.0,Male,20,18-24,Australia,Lake Michelle,gaming
31064.0,Female,16,16-17,United States,Sabrinaton,"travel, art, technology"
31192.0,Male,20,18-24,India,Guerraport,art
31210.0,Male,24,18-24,United States,New Thomas,"photography, news, food"
31347.0,Female,31,25-34,United States,Steveshire,"gaming, sports"
31381.0,Male,26,25-34,United States,Paulmouth,travel
31401.0,Female,24,18-24,United States,South Annaside,travel
31615.0,Female,36,35-44,Germany,Johnsbury,lifestyle
31650.0,Female,18,18-24,Germany,Lake Kathyshire,"fashion, finance, fitness"
31790.0,Female,24,18-24,United States,West Williamfurt,lifestyle
31951.0,Female,27,25-34,Mexico,New Glennfurt,"news, art"
31956.0,Female,24,18-24,United Kingdom,West Paulstad,travel
32027.0,Female,42,35-44,India,Erinhaven,"photography, sports, art"
32103.0,Female,28,25-34,Mexico,Bushtown,"gaming, technology, fitness"
32172.0,Female,25,25-34,United States,South Robertmouth,lifestyle
32191.0,Female,24,18-24,Germany,Jamesbury,travel
32278.0,Female,29,25-34,Germany,Heidishire,"art, finance, photography"
32330.0,Male,43,35-44,United Kingdom,Woodview,fashion
32338.0,Male,29,25-34,United Kingdom,Priceburgh,"sports, food"
32387.0,Female,34,25-34,United States,East Patricia,finance
32497.0,Other,20,18-24,Germany,Port Christine,"food, news, technology"
32612.0,Female,35,35-44,Australia,East Jacob,"art, photography, technology"
32614.0,Other,27,25-34,Canada,North Marymouth,technology
32684.0,Male,29,25-34,India,North Robertfort,health
32780.0,Male,28,25-34,Brazil,Gomezbury,"news, art, sports"
32789.0,Other,23,18-24,Brazil,Linberg,"lifestyle, travel, gaming"
32852.0,Other,50,45-54,United States,South Elizabethmouth,gaming
33183.0,Male,35,35-44,United States,Hilltown,"lifestyle, travel, fitness"
33268.0,Male,22,18-24,United States,East Charles,"gaming, news, fashion"
33344.0,Male,21,18-24,France,Lake Josephborough,"art, gaming"
33347.0,Male,22,18-24,Mexico,West Matthewshire,"lifestyle, fitness"
33426.0,Female,32,25-34,United States,Port Jenniferhaven,"technology, photography"
33581.0,Male,27,25-34,Canada,Hardingshire,"gaming, food, finance"
33617.0,Female,36,35-44,United Kingdom,Dwaynestad,"fashion, technology, lifestyle"
33632.0,Other,21,18-24,Germany,Howardport,"fashion, fitness, sports"
33682.0,Male,20,18-24,United States,Shawnborough,health
33775.0,Female,16,16-17,Brazil,Chavezberg,"fitness, sports"
33824.0,Male,22,18-24,Germany,New James,"art, gaming, food"
33920.0,Female,16,16-17,United States,Youngview,"travel, gaming, fashion"
33945.0,Male,34,25-34,United States,South Rick,finance
34048.0,Female,16,16-17,India,Davisstad,"gaming, food"
34066.0,Male,33,25-34,Australia,Lake Carrie,photography
34294.0,Female,19,18-24,United States,Jeffersonland,food
34328.0,Male,21,18-24,United States,South Marchaven,art
34619.0,Female,19,18-24,United States,Port Carla,"health, finance"
34872.0,Male,24,18-24,Australia,East Sarah,"food, photography"
34884.0,Male,29,25-34,Brazil,East Angela,travel
35011.0,Male,21,18-24,Canada,North Janet,"health, technology"
35043.0,Female,32,25-34,United Kingdom,Francismouth,sports
35049.0,Female,30,25-34,United Kingdom,Shawnport,technology
35311.0,Female,22,18-24,Japan,Danielleburgh,"health, travel, lifestyle"
35346.0,Female,20,18-24,United Kingdom,Sarahside,"fashion, photography, food"
35370.0,Female,30,25-34,United States,Cruztown,"gaming, health"
35643.0,Male,31,25-34,United States,Marshalltown,"travel, health, news"
35763.0,Female,29,25-34,India,North Danielland,"finance, health, technology"
35912.0,Female,19,18-24,Australia,North Erichaven,art
36050.0,Female,22,18-24,Mexico,Moralesville,sports
36274.0,Other,30,25-34,Japan,New Megan,"news, fashion"
36317.0,Male,29,25-34,Canada,East Thomasmouth,fashion
36365.0,Male,36,35-44,United States,North Karenview,"gaming, health, news"
36455.0,Female,20,18-24,United States,Port Michael,"fitness, travel"
36660.0,Female,27,25-34,United States,Mooremouth,"news, food"
36886.0,Female,42,35-44,United Kingdom,East Debbiefurt,"photography, health, art"
36901.0,Male,21,18-24,Mexico,North Nicholas,"news, fashion"
37097.0,Female,23,18-24,Canada,Lake Christinaville,technology
37339.0,Male,29,25-34,United Kingdom,Madisonmouth,fitness
37351.0,Female,24,18-24,India,North John,"fitness, sports, travel"
37402.0,Male,29,25-34,Germany,Josephhaven,lifestyle
37592.0,Female,60,55-65,United States,South Kristin,gaming
37621.0,Male,26,25-34,Australia,Martinbury,"photography, health"
37672.0,Male,31,25-34,Japan,East James,"lifestyle, fashion"
37820.0,Male,27,25-34,United States,Jessicaport,"fashion, technology"
38131.0,Male,44,35-44,Germany,Nicholasmouth,"finance, fashion, sports"
38176.0,Female,30,25-34,United States,Ritafurt,"food, art, finance"
38646.0,Female,23,18-24,India,Andersontown,"technology, food"
38763.0,Male,19,18-24,United States,East Keithstad,"news, sports"
38838.0,Female,32,25-34,Canada,Cruzfort,photography
38846.0,Male,27,25-34,Canada,Levifurt,finance
39196.0,Other,31,25-34,United States,West Susan,"food, art"
39199.0,Male,25,25-34,Canada,Joshuaport,"art, sports"
39400.0,Male,47,45-54,United Kingdom,Coxshire,"gaming, sports, art"
39456.0,Male,36,35-44,Brazil,Alyssamouth,fitness
39823.0,Male,32,25-34,Japan,Lake Adamton,technology
39858.0,Male,22,18-24,Australia,Jonesland,"technology, travel"
40020.0,Male,22,18-24,United States,Briannahaven,food
40073.0,Female,17,16-17,Mexico,Haleburgh,"photography, fashion, food"
40092.0,Male,25,25-34,Australia,Stanleyberg,finance
40105.0,Male,36,35-44,Germany,Chenchester,technology
40152.0,Female,22,18-24,Australia,Johnsonville,art
40159.0,Other,35,35-44,Australia,Lopezhaven,lifestyle
40324.0,Male,41,35-44,United States,Johnsontown,health
40382.0,Male,21,18-24,United Kingdom,North Christian,"photography, food"
40412.0,Male,26,25-34,Canada,North Brian,travel
40545.0,Female,25,25-34,United States,New Lauraberg,"photography, sports"
40769.0,Male,27,25-34,United States,South Robertotown,"food, photography"
40790.0,Male,36,35-44,United States,South Heiditon,lifestyle
40992.0,Male,24,18-24,France,East Holly,technology
41050.0,Male,32,25-34,United States,North Nicholasmouth,food
41353.0,Female,22,18-24,United States,East Brooketown,"art, travel, fitness"
41646.0,Male,26,25-34,United Kingdom,Stanleyville,"fitness, health, finance"
41842.0,Male,32,25-34,United States,Kylieborough,"art, travel"
42400.0,Male,25,25-34,United States,New Paul,health
42405.0,Female,23,18-24,United States,East Christinaberg,lifestyle
42420.0,Male,41,35-44,Australia,North Dillonberg,"fitness, art, fashion"
42574.0,Female,19,18-24,Canada,West Julieton,gaming
42683.0,Male,23,18-24,United States,Catherineberg,"fashion, art"
42792.0,Male,18,18-24,United Kingdom,Tonyberg,fitness
42801.0,Male,19,18-24,India,Hannahland,"lifestyle, sports, gaming"
42824.0,Male,20,18-24,United States,West Scott,"news, sports"
43190.0,Female,39,35-44,Japan,Justinhaven,"lifestyle, food"
43324.0,Female,26,25-34,Canada,Randyburgh,"art, gaming"
43428.0,Male,30,25-34,United States,East Ana,"fitness, technology"
43538.0,Other,32,25-34,Canada,South Garychester,"sports, fashion"
43705.0,Female,34,25-34,United States,Whitneyfurt,"technology, fashion, finance"
43782.0,Female,34,25-34,United States,New Erica,"fitness, gaming, news"
43852.0,Male,37,35-44,Canada,North Nathan,art
43872.0,Female,27,25-34,Brazil,Jeffreybury,"news, gaming"
43891.0,Other,20,18-24,Brazil,Jenniferchester,"fashion, health"
43943.0,Male,29,25-34,United Kingdom,Evelynmouth,"finance, sports"
44074.0,Male,29,25-34,Brazil,Hernandezfort,news
44374.0,Male,27,25-34,India,New Melissashire,"fashion, photography"
44433.0,Female,24,18-24,United States,West Brandonhaven,"fashion, gaming"
44460.0,Male,16,16-17,United States,Snyderville,"fashion, travel, food"
44526.0,Other,26,25-34,United States,Tammystad,finance
44675.0,Female,26,25-34,United States,Montgomeryville,food
44870.0,Female,30,25-34,United States,Dayton,"photography, technology"
44964.0,Male,17,16-17,United States,East Michael,"news, fashion"
45290.0,Male,38,35-44,United Kingdom,East Megan,travel
45305.0,Male,24,18-24,Brazil,South Brian,"gaming, health, art"
45314.0,Male,19,18-24,United States,South John,sports
45394.0,Female,27,25-34,United Kingdom,West Jasonland,"lifestyle, technology"
45692.0,Female,18,18-24,Australia,Lake Cynthiachester,"art, technology, finance"
45698.0,Other,30,25-34,Japan,Chaseville,"health, technology"
45757.0,Male,16,16-17,United States,Cervantesberg,technology
45769.0,Male,39,35-44,United Kingdom,West Jessica,"finance, art, news"
45851.0,Male,31,25-34,United States,West Kimberlyshire,finance
45879.0,Female,32,25-34,Brazil,Alexisside,"health, photography, art"
45931.0,Male,38,35-44,United Kingdom,Port Andrewborough,gaming
46005.0,Female,22,18-24,India,Lake Erikaport,"fashion, lifestyle, gaming"
46006.0,Female,23,18-24,United Kingdom,Port David,"fashion, art"
46059.0,Female,33,25-34,Australia,Port Timothy,health
46072.0,Female,22,18-24,United Kingdom,Lake Timothyhaven,"sports, finance, gaming"
46188.0,Male,16,16-17,United States,Ericborough,"photography, news"
46395.0,Male,22,18-24,France,Bryanchester,"fashion, finance"
46431.0,Male,22,18-24,India,Jamesberg,technology
46601.0,Female,18,18-24,Canada,Lisaton,"food, finance, travel"
46700.0,Male,38,35-44,Germany,South Allison,travel
46816.0,Female,30,25-34,Germany,Lake Rhonda,photography
46829.0,Male,34,25-34,Germany,East Nathan,"fitness, health"
46910.0,Male,16,16-17,Canada,South Jeffreyville,"art, health, news"
46970.0,Male,22,18-24,Australia,New Robin,art
47030.0,Male,20,18-24,United Kingdom,Haynesbury,"lifestyle, fitness"
47173.0,Male,19,18-24,United States,Port Julia,"fitness, sports"
47333.0,Male,37,35-44,Germany,East Calebland,"food, photography"
47340.0,Male,21,18-24,United States,Gibbsmouth,"gaming, sports"
47371.0,Female,19,18-24,United Kingdom,Careyfort,fitness
47376.0,Female,28,25-34,Canada,Bennettborough,"lifestyle, travel, food"
47602.0,Female,24,18-24,India,East Brendanmouth,"fashion, fitness"
47898.0,Male,39,35-44,United States,New Abigail,"gaming, art"
47923.0,Female,28,25-34,Australia,Martinezfort,gaming
48128.0,Female,20,18-24,Mexico,Michaelton,gaming
48546.0,Male,41,35-44,Australia,Michelleland,"travel, photography, finance"
48579.0,Female,34,25-34,United States,North Andrew,technology
48622.0,Male,27,25-34,India,Brendaton,"food, art"
48737.0,Female,23,18-24,Germany,Port Tanner,lifestyle
48790.0,Male,17,16-17,France,Suarezchester,"sports, travel"
48903.0,Male,42,35-44,Canada,Russotown,fashion
48942.0,Male,31,25-34,United Kingdom,Schroederfort,art
49037.0,Other,31,25-34,Canada,Lake Victoria,"food, health, finance"
49121.0,Male,33,25-34,Canada,Veronicaland,lifestyle
49357.0,Female,28,25-34,Canada,Dannyfort,"lifestyle, travel, sports"
49487.0,Female,28,25-34,India,East Jacqueline,"photography, art"
50033.0,Male,24,18-24,Canada,North Daniel,"finance, news"
50286.0,Other,31,25-34,Canada,Hooverfurt,finance
50593.0,Male,30,25-34,Mexico,Brianland,"gaming, fitness"
50638.0,Female,18,18-24,United Kingdom,Lake Sarahfort,"lifestyle, travel, photography"
50749.0,Male,28,25-34,Germany,Hortonhaven,photography
50935.0,Male,27,25-34,France,Scottville,"food, art"
51052.0,Male,29,25-34,India,Marissaland,food
51116.0,Male,29,25-34,India,Matthewsberg,"travel, food"
51155.0,Other,28,25-34,Canada,South Jonathanport,"travel, fashion"
51184.0,Male,23,18-24,Brazil,Nataliebury,"news, lifestyle"
51267.0,Female,18,18-24,United States,Kimfort,art
51415.0,Male,25,25-34,France,Port Laurenport,"gaming, news, travel"
51486.0,Male,28,25-34,Germany,Stephensshire,"food, gaming, news"
51511.0,Male,26,25-34,Canada,North Amanda,"fitness, gaming"
51523.0,Male,19,18-24,Japan,West Christine,"food, fashion"
51640.0,Male,32,25-34,United Kingdom,Hartmouth,"technology, lifestyle"
52217.0,Male,21,18-24,Japan,North Courtney,"sports, technology, travel"
52244.0,Male,18,18-24,United States,New Johnbury,"health, food"
52289.0,Female,25,25-34,United Kingdom,Maloneberg,"fashion, travel, gaming"
52462.0,Male,22,18-24,Brazil,Port Margaretchester,"news, food"
52470.0,Male,21,18-24,United States,North Darrylton,"sports, fashion"
52594.0,Female,37,35-44,United Kingdom,Jeremyland,"health, lifestyle, sports"
52656.0,Other,34,25-34,United States,Jamesstad,"health, gaming, fitness"
52715.0,Male,19,18-24,Mexico,North Williamfurt,"lifestyle, finance, travel"
52900.0,Female,28,25-34,Australia,Lake Davidchester,news
53139.0,Male,18,18-24,United States,North Renee,"photography, news, sports"
53153.0,Male,26,25-34,India,West Victoriafurt,photography
53182.0,Female,23,18-24,Mexico,Leefort,lifestyle
53183.0,Female,16,16-17,Mexico,Port Matthewtown,"finance, photography"
53294.0,Male,23,18-24,India,South Alexander,technology
53339.0,Female,20,18-24,Canada,Matthewmouth,"photography, gaming, food"
53467.0,Male,39,35-44,United States,Chelseaside,"fashion, gaming"
53470.0,Male,20,18-24,United States,East Tylerside,"technology, photography, gaming"
53507.0,Male,20,18-24,United States,Lake Kimberlyberg,"health, photography"
54255.0,Male,25,25-34,United States,Ryanfurt,"news, lifestyle"
54451.0,Male,23,18-24,United States,South Gregory,"finance, sports"
54459.0,Male,31,25-34,Canada,Smithshire,"health, news, fitness"
54507.0,Male,28,25-34,Canada,Bishopmouth,gaming
54555.0,Male,25,25-34,France,Calvintown,"gaming, finance"
54618.0,Male,20,18-24,India,Callahanport,"finance, lifestyle, gaming"
54622.0,Female,29,25-34,Brazil,Elizabethview,sports
54722.0,Male,37,35-44,United States,Bowersmouth,"fashion, food"
54782.0,Male,28,25-34,India,South Ericside,news
54806.0,Male,30,25-34,France,West Amanda,fitness
54815.0,Male,29,25-34,Canada,Port Rickeybury,"art, fashion"
54839.0,Female,38,35-44,United States,Wendytown,"travel, fitness"
54843.0,Female,20,18-24,United Kingdom,South Barbaratown,fitness
55051.0,Male,21,18-24,Japan,Wallston,"health, technology"
55060.0,Female,39,35-44,Brazil,Shaunview,"food, health"
55199.0,Male,24,18-24,Australia,New Melissa,"travel, finance"
55275.0,Other,18,18-24,United States,Danielleside,finance
55286.0,Female,53,45-54,Germany,Mollystad,"photography, lifestyle, food"
55485.0,Male,20,18-24,United Kingdom,Scottchester,"news, gaming, lifestyle"
55657.0,Female,23,18-24,India,New Martin,"technology, sports, food"
55830.0,Male,27,25-34,United States,South Roberttown,fitness
55839.0,Other,33,25-34,Germany,Fowlerport,"food, lifestyle"
55901.0,Female,39,35-44,Canada,New Darrylfurt,technology
55918.0,Female,34,25-34,Germany,North Jamesfurt,"fashion, gaming"
55929.0,Male,25,25-34,United States,Lindaton,"art, gaming, news"
56172.0,Male,24,18-24,Japan,East Sonya,news
56205.0,Male,44,35-44,United Kingdom,Greentown,"sports, art, travel"
56215.0,Male,22,18-24,Canada,New Seanland,"news, health"
56258.0,Male,35,35-44,United States,Carloston,"photography, travel, fitness"
56749.0,Other,34,25-34,Germany,Lake Pamela,"gaming, technology, sports"
57130.0,Female,19,18-24,United States,Aprilville,"sports, fitness, fashion"
57394.0,Female,40,35-44,United States,Blackburnmouth,"health, technology"
57541.0,Female,24,18-24,Japan,Williamland,news
57569.0,Male,16,16-17,France,Williston,"news, lifestyle"
57573.0,Male,29,25-34,Germany,Crawfordport,"food, health, travel"
57677.0,Male,28,25-34,Brazil,Hughesburgh,"finance, photography, health"
57693.0,Male,21,18-24,United States,South Brandyhaven,"finance, news"
57727.0,Female,30,25-34,United Kingdom,Cherryshire,news
57796.0,Male,22,18-24,Canada,Hodgesstad,"art, sports, food"
57849.0,Male,25,25-34,France,Hernandezberg,art
57926.0,Female,20,18-24,Brazil,Mullinsville,news
58048.0,Male,40,35-44,Australia,Taraside,"health, gaming, news"
58138.0,Female,30,25-34,Germany,North Jessica,fitness
58174.0,Male,32,25-34,United Kingdom,East Jeffreyberg,"lifestyle, fashion, food"
58211.0,Female,22,18-24,United States,Davidshire,"art, travel, gaming"
58274.0,Male,41,35-44,United States,Nancyport,"fitness, food"
58440.0,Male,18,18-24,Australia,New Dominiquechester,"lifestyle, health"
58532.0,Female,23,18-24,United States,Larrymouth,"fashion, gaming"
58550.0,Male,16,16-17,United States,Salazarview,"health, lifestyle, fashion"
58634.0,Male,24,18-24,United Kingdom,Jasminechester,"sports, fashion, food"
58782.0,Male,24,18-24,Australia,Sethland,"technology, finance, lifestyle"
58874.0,Female,28,25-34,United Kingdom,Lake Jeffreyland,"travel, fitness, news"
58891.0,Male,23,18-24,United States,Port Carl,fashion
58910.0,Male,42,35-44,France,Careyland,"lifestyle, health"
59000.0,Female,32,25-34,Brazil,South Victoria,technology
59016.0,Male,17,16-17,India,Breannaton,fashion
59152.0,Male,46,45-54,United Kingdom,Cruztown,"photography, health, sports"
59367.0,Male,22,18-24,United States,Haynesborough,"food, technology"
59424.0,Female,24,18-24,United States,Darrellfort,"finance, travel"
59471.0,Female,23,18-24,Germany,Sarastad,"lifestyle, fitness"
59807.0,Male,33,25-34,France,West Rachel,"food, health, gaming"
59810.0,Male,25,25-34,Germany,North Rickbury,"fashion, food"
60219.0,Other,27,25-34,United States,Wilsonstad,"lifestyle, gaming, sports"
60297.0,Male,37,35-44,United States,Rhondashire,"gaming, photography, travel"
60358.0,Male,18,18-24,United Kingdom,Aaronland,finance
60575.0,Male,22,18-24,Canada,South Hollyside,"news, fitness, technology"
60664.0,Other,31,25-34,Australia,Lake Erinburgh,"finance, travel, fashion"
60693.0,Male,16,16-17,India,Turnerfort,"travel, art, food"
60812.0,Male,30,25-34,United States,Acostaview,"sports, fitness, finance"
60856.0,Other,30,25-34,Australia,Riggsland,"lifestyle, news, fashion"
60925.0,Female,38,35-44,Brazil,Nathanborough,"art, travel, photography"
60956.0,Male,36,35-44,Australia,New Amber,"technology, sports"
61325.0,Female,34,25-34,United States,South Veronicastad,"travel, sports, art"
61576.0,Female,21,18-24,United States,South James,"fitness, fashion, gaming"
61799.0,Male,51,45-54,United States,Lake Johnmouth,"lifestyle, fitness, fashion"
61885.0,Male,25,25-34,Germany,Nicoleview,"photography, fitness"
61903.0,Male,19,18-24,Canada,West Jessica,"health, lifestyle"
61954.0,Male,16,16-17,Brazil,South Meganton,"news, fitness"
61966.0,Male,35,35-44,United States,Lake Brittanystad,technology
62111.0,Male,35,35-44,United States,Nancyfurt,"food, news, photography"
62211.0,Female,26,25-34,United Kingdom,Jimmyhaven,"finance, food, fitness"
62469.0,Male,35,35-44,Germany,Christinaberg,"art, lifestyle"
62475.0,Female,21,18-24,United Kingdom,West Andre,"food, lifestyle, health"
62598.0,Female,18,18-24,Canada,Davidside,health
62675.0,Female,27,25-34,United States,Lake Joshuaborough,health
62709.0,Female,28,25-34,United States,Luceroshire,"fashion, art, sports"
62728.0,Male,25,25-34,United States,South Michaelbury,art
63030.0,Male,23,18-24,United States,West Brianna,fitness
63057.0,Male,21,18-24,United States,Heidimouth,food
63231.0,Female,16,16-17,India,New Brian,technology
63429.0,Male,23,18-24,France,South Robert,"photography, fashion, travel"
63487.0,Female,39,35-44,United Kingdom,East Douglas,"lifestyle, fitness, fashion"
63518.0,Other,20,18-24,United States,Michaeltown,"finance, travel"
63627.0,Female,17,16-17,Brazil,Michelletown,gaming
63640.0,Other,34,25-34,Germany,Joshuamouth,finance
64397.0,Female,22,18-24,Canada,Kathrynberg,"fashion, photography, gaming"
64419.0,Other,26,25-34,Australia,Jacobmouth,"gaming, art, health"
64457.0,Male,21,18-24,United Kingdom,South Paul,travel
64589.0,Male,24,18-24,Mexico,Foxborough,sports
64661.0,Female,49,45-54,United States,North Gregory,"food, technology, photography"
64674.0,Female,39,35-44,Brazil,South Tonyberg,"fashion, fitness"
65012.0,Female,45,45-54,Canada,New Anthonyville,"fitness, technology, art"
65046.0,Male,20,18-24,Germany,Rojasburgh,"art, health"
65124.0,Female,27,25-34,United States,Lake Charles,"health, photography"
65125.0,Male,20,18-24,United States,East Stephanie,"fitness, finance"
65168.0,Male,19,18-24,India,Harrisfurt,"fashion, photography"
65254.0,Male,36,35-44,United Kingdom,New Candiceland,"lifestyle, art"
65524.0,Male,30,25-34,Canada,Juanfurt,"finance, lifestyle, technology"
65728.0,Male,16,16-17,United Kingdom,Singhville,"photography, gaming, fitness"
65769.0,Female,26,25-34,Brazil,Lake Carlyland,"lifestyle, gaming, food"
66013.0,Male,34,25-34,United States,South Jamesfort,"art, lifestyle, travel"
66169.0,Male,61,55-65,Germany,Lake Elizabethchester,lifestyle
66179.0,Male,25,25-34,Germany,Port Markchester,"fashion, news"
66221.0,Male,36,35-44,Germany,South Jamesborough,"food, finance"
66255.0,Female,32,25-34,United Kingdom,Port Randalltown,"finance, art"
66762.0,Male,16,16-17,United States,South Kayla,gaming
67016.0,Male,23,18-24,India,West Ryan,"fitness, travel, technology"
67181.0,Other,35,35-44,Australia,Port Catherineville,"health, fashion, sports"
67468.0,Male,26,25-34,United States,Johnsonburgh,finance
67650.0,Other,28,25-34,Canada,South Brianaport,technology
67735.0,Female,27,25-34,Australia,South Justin,"sports, gaming, technology"
67757.0,Male,20,18-24,Brazil,Lake Isaiahland,"lifestyle, fashion"
67829.0,Female,21,18-24,Japan,Lake Anaville,food
67830.0,Male,32,25-34,United Kingdom,New Robertmouth,"travel, fashion"
67950.0,Female,35,35-44,Brazil,East Jasmineburgh,"lifestyle, art"
67962.0,Female,16,16-17,France,North Samanthamouth,art
68007.0,Male,23,18-24,United Kingdom,Wiseport,fashion
68055.0,Male,16,16-17,Australia,Juanton,finance
68123.0,Male,29,25-34,United States,Amberfort,"food, photography, art"
68369.0,Female,22,18-24,Brazil,Haneytown,"gaming, art"
68684.0,Female,22,18-24,India,Jayview,"fitness, photography, news"
68794.0,Other,21,18-24,Brazil,Lake Jose,fitness
68859.0,Female,38,35-44,United States,South Joshua,"photography, travel"
69029.0,Female,22,18-24,Germany,Connerside,"art, fashion, food"
69135.0,Female,16,16-17,United States,Kennethton,gaming
69143.0,Male,32,25-34,United States,New Kimberlyshire,"travel, gaming"
69400.0,Male,29,25-34,United States,Shafferville,"food, sports"
69463.0,Male,21,18-24,Japan,South Erinfort,"health, news"
69466.0,Female,26,25-34,Germany,Lewisland,"art, sports"
69509.0,Other,20,18-24,United States,East Sandramouth,fitness
69719.0,Other,30,25-34,United States,West Williamville,"sports, news, photography"
69741.0,Female,20,18-24,India,Lake Hollyburgh,"technology, lifestyle"
69788.0,Male,37,35-44,Australia,Cynthiatown,"health, food"
69962.0,Male,25,25-34,Japan,Port Adamtown,"fitness, technology, gaming"
69995.0,Male,16,16-17,Mexico,Courtneybury,food
70000.0,Female,27,25-34,United States,Jenniferberg,fashion
70276.0,Female,43,35-44,United Kingdom,North Christina,"photography, finance"
70384.0,Female,36,35-44,United Kingdom,Vanessachester,"fashion, news, photography"
70397.0,Male,27,25-34,Canada,Port Ericafurt,"technology, sports, news"
70417.0,Male,36,35-44,United States,South Theresa,"travel, lifestyle, sports"
70475.0,Female,41,35-44,Australia,Port Jared,"fitness, news, lifestyle"
70499.0,Female,33,25-34,France,South Charlene,"food, photography"
70511.0,Male,23,18-24,Australia,Teresaburgh,"art, fitness"
70627.0,Other,32,25-34,United States,Huntmouth,"sports, fitness, technology"
70737.0,Other,41,35-44,United States,Grossfort,"gaming, art, news"
71097.0,Male,26,25-34,United States,East Joshuamouth,"news, art, technology"
71111.0,Other,36,35-44,Brazil,East Mitchellchester,"photography, technology, finance"
71215.0,Female,16,16-17,United Kingdom,Harrisburgh,technology
71266.0,Male,25,25-34,United States,East Daniel,"food, art"
71338.0,Male,43,35-44,India,Lake Adamchester,"finance, technology"
71340.0,Other,31,25-34,Australia,Philipton,"gaming, technology"
71410.0,Male,41,35-44,Germany,Lake Andrea,"finance, lifestyle, travel"
71534.0,Male,24,18-24,Mexico,Nguyenview,"sports, fashion, lifestyle"
71581.0,Male,23,18-24,United Kingdom,Jessicastad,sports
71598.0,Male,46,45-54,United States,Jonesmouth,"food, health, travel"
71609.0,Male,25,25-34,Canada,Feliciamouth,art
71636.0,Female,18,18-24,Australia,Port Chris,fitness
71955.0,Male,20,18-24,United States,East Adam,"travel, fitness, sports"
72027.0,Female,38,35-44,Canada,Clarkshire,"fashion, finance"
72039.0,Male,43,35-44,United Kingdom,Kaitlynfurt,sports
72110.0,Female,45,45-54,India,West Robertville,"health, food, news"
72125.0,Other,39,35-44,Australia,Lake Michael,"technology, art"
72193.0,Male,21,18-24,Germany,Taylorville,lifestyle
72296.0,Female,23,18-24,United Kingdom,Wernerville,"lifestyle, news, health"
72304.0,Other,21,18-24,India,South Ryanmouth,"photography, sports"
72327.0,Female,22,18-24,Canada,Robinsonland,"fitness, travel, news"
72355.0,Other,37,35-44,Canada,Port Rebekah,"finance, news"
72648.0,Female,19,18-24,United States,Johnsonbury,"fitness, technology, sports"
72984.0,Female,36,35-44,United Kingdom,Nathanbury,"fashion, finance"
73012.0,Male,23,18-24,United Kingdom,New Gregoryberg,"art, news, photography"
73018.0,Male,34,25-34,Australia,Carlosfort,"technology, gaming, art"
73024.0,Male,34,25-34,Mexico,Bartonchester,technology
73061.0,Female,19,18-24,United Kingdom,Michelletown,"health, technology"
73229.0,Male,28,25-34,Brazil,Kevinbury,"food, photography"
73527.0,Male,29,25-34,United States,South George,news
73616.0,Male,18,18-24,India,Port Vicki,"gaming, lifestyle, art"
73663.0,Male,26,25-34,Germany,West Jason,"news, finance"
73757.0,Male,18,18-24,United Kingdom,Port Evelynburgh,gaming
73839.0,Male,23,18-24,United States,Edwardberg,"lifestyle, fitness"
74014.0,Male,23,18-24,United States,Matthewhaven,"finance, news"
74375.0,Male,31,25-34,United Kingdom,Johnburgh,"photography, health"
74406.0,Male,59,55-65,India,Romeroview,"lifestyle, fitness"
74470.0,Female,22,18-24,Germany,East Brittanyshire,"photography, sports"
74611.0,Male,16,16-17,Mexico,Kimland,lifestyle
74627.0,Male,30,25-34,Japan,Lake Daniel,lifestyle
74801.0,Male,33,25-34,Australia,East Catherinestad,"food, health"
75219.0,Male,23,18-24,United States,Bakerville,"sports, food, technology"
75236.0,Male,24,18-24,Canada,Port Jeremy,"fitness, photography, gaming"
75282.0,Female,16,16-17,United States,Woodmouth,"photography, art, fashion"
75565.0,Male,27,25-34,United States,North Madisonberg,"technology, sports"
75620.0,Male,22,18-24,India,Schmidtton,"gaming, photography"
75676.0,Female,47,45-54,Australia,Danielland,"finance, gaming"
75942.0,Female,46,45-54,Germany,South Coltonfurt,news
75957.0,Male,23,18-24,United Kingdom,Stewartbury,photography
75979.0,Male,33,25-34,United Kingdom,Port Kristinemouth,"finance, photography, art"
76008.0,Other,28,25-34,United States,North Jasonstad,"travel, art"
76046.0,Other,30,25-34,Canada,Port Katie,"art, health"
76134.0,Male,21,18-24,Germany,West Angelafort,"photography, fashion, technology"
76182.0,Female,36,35-44,United States,Goldenside,"art, fashion"
76306.0,Male,24,18-24,United Kingdom,New Jill,"fashion, sports"
76444.0,Male,33,25-34,United States,Lake Jennifer,"lifestyle, food, health"
76464.0,Female,20,18-24,United Kingdom,Peterton,"travel, lifestyle, technology"
76529.0,Female,26,25-34,United States,Anthonyport,art
76608.0,Male,27,25-34,United Kingdom,Larrybury,lifestyle
76633.0,Female,26,25-34,Australia,South Nancy,"gaming, lifestyle, sports"
76654.0,Other,25,25-34,United States,Port David,finance
76675.0,Male,24,18-24,India,New Alexanderview,news
76736.0,Male,29,25-34,United States,Mcbridehaven,"food, lifestyle"
76805.0,Male,37,35-44,United States,East William,"food, fashion, technology"
77102.0,Male,33,25-34,United States,Rebeccaland,fashion
77169.0,Male,33,25-34,India,North Codyburgh,"fashion, lifestyle"
77342.0,Male,35,35-44,United Kingdom,West Cathytown,fitness
77403.0,Male,32,25-34,United States,Thomashaven,"lifestyle, gaming"
77534.0,Male,25,25-34,United States,New Meganville,"lifestyle, photography"
77571.0,Female,23,18-24,India,North Jesusstad,health
77573.0,Female,23,18-24,United States,Ariasside,"fitness, fashion"
77724.0,Female,36,35-44,United States,Newtontown,health
77938.0,Male,26,25-34,United States,Wongfurt,"technology, photography, finance"
78099.0,Female,17,16-17,Australia,Gomezhaven,"fashion, lifestyle"
78261.0,Male,21,18-24,Canada,Daltonport,"fitness, photography, art"
78291.0,Other,44,35-44,Germany,North Kristin,"photography, news, travel"
78461.0,Male,19,18-24,United States,Carlsonbury,news
78609.0,Male,33,25-34,Australia,North Pamelatown,"finance, fashion"
78636.0,Male,20,18-24,United States,Port Kathleen,art
78875.0,Male,26,25-34,United States,Hensleyberg,"food, lifestyle"
78970.0,Female,18,18-24,United States,Gonzalezberg,"gaming, travel, fashion"
79017.0,Female,25,25-34,United Kingdom,Reyesville,art
79046.0,Male,42,35-44,India,Nielsenton,"gaming, health"
79062.0,Male,35,35-44,Japan,New Robin,"health, fitness"
79185.0,Other,34,25-34,United States,Claireview,"photography, news"
79186.0,Male,20,18-24,France,Rodriguezland,"news, sports, fitness"
79276.0,Male,20,18-24,Mexico,Aaronport,"sports, lifestyle, gaming"
79542.0,Other,20,18-24,India,Romerohaven,"art, health"
79575.0,Male,27,25-34,Mexico,Port Jeffery,technology
79793.0,Male,24,18-24,United States,Greershire,food
79803.0,Male,37,35-44,Canada,East Karen,travel
79884.0,Male,33,25-34,United States,West Deborah,photography
79939.0,Other,29,25-34,United States,Thompsonchester,"finance, photography, fashion"
79986.0,Female,36,35-44,France,Davidhaven,"art, fitness, gaming"
80011.0,Male,34,25-34,United States,Thompsonmouth,"health, fashion, food"
80203.0,Male,26,25-34,United States,Pamelaville,"sports, travel, finance"
80336.0,Male,28,25-34,Australia,South Michelle,photography
80419.0,Male,19,18-24,Japan,Camposburgh,"lifestyle, fitness"
80765.0,Other,25,25-34,India,West Michael,"fashion, lifestyle, gaming"
80786.0,Male,19,18-24,United Kingdom,North Jessica,health
80904.0,Male,22,18-24,Mexico,New Jacquelinechester,"fashion, finance"
80944.0,Male,28,25-34,Canada,Loritown,"technology, travel"
81069.0,Female,37,35-44,India,South Stephen,"fashion, news, food"
81161.0,Male,23,18-24,Germany,North Stephaniehaven,"news, health"
81168.0,Male,34,25-34,United States,East Danaport,fitness
81518.0,Female,20,18-24,Germany,Stacymouth,fitness
81543.0,Male,23,18-24,Canada,Jennyberg,news
81554.0,Other,27,25-34,United States,East Jonathan,sports
81555.0,Female,16,16-17,United Kingdom,Arellanotown,health
81685.0,Male,16,16-17,United States,West Raymondstad,fitness
81842.0,Female,20,18-24,United States,Michaelfort,finance
81898.0,Male,36,35-44,United States,Clarkville,travel
81941.0,Other,37,35-44,France,Port Brett,health
82071.0,Male,24,18-24,Mexico,North Elizabeth,news
82145.0,Male,16,16-17,United Kingdom,North Anthony,travel
82175.0,Female,40,35-44,Germany,Stephenview,news
82351.0,Female,23,18-24,United States,Nelsonton,art
82386.0,Female,18,18-24,Australia,Maloneborough,"lifestyle, health, food"
82648.0,Female,29,25-34,Germany,Whiteburgh,"technology, art"
82739.0,Other,23,18-24,United States,Molinaview,"lifestyle, fashion, sports"
82848.0,Female,18,18-24,Canada,South Aaronfort,"gaming, art, news"
82911.0,Female,20,18-24,Canada,New Amberfurt,travel
83027.0,Female,16,16-17,India,Evelynberg,"health, fitness, technology"
83137.0,Male,18,18-24,Brazil,East Paulview,finance
83165.0,Female,23,18-24,United Kingdom,North Paul,technology
83473.0,Male,22,18-24,United Kingdom,Lake Justin,"travel, health, fitness"
83637.0,Male,29,25-34,Canada,Andreborough,"fitness, gaming"
83771.0,Male,21,18-24,United Kingdom,Arielstad,"news, technology, photography"
83779.0,Female,36,35-44,India,Aaronberg,"food, gaming"
83863.0,Male,24,18-24,United States,Nunezton,news
83934.0,Other,34,25-34,Australia,Hurstberg,"food, news"
84093.0,Male,34,25-34,United Kingdom,West Patriciashire,"lifestyle, travel"
84150.0,Other,28,25-34,France,Stricklandmouth,"art, travel"
84231.0,Male,20,18-24,Germany,West Michaelborough,"travel, finance, gaming"
84292.0,Male,21,18-24,United Kingdom,Andrewton,"food, gaming, fitness"
84323.0,Male,23,18-24,Canada,Jasonberg,fashion
84324.0,Male,22,18-24,United States,Lake Courtneyland,food
84367.0,Male,28,25-34,United States,West Maryland,"technology, fitness, finance"
84441.0,Male,33,25-34,Germany,Danielsville,art
84445.0,Male,16,16-17,United Kingdom,South Thomas,sports
84466.0,Female,24,18-24,Germany,East Ginabury,"food, fashion, fitness"
84668.0,Male,56,55-65,Germany,Lake Adam,"travel, art"
84917.0,Female,18,18-24,United States,Kristinchester,art
84926.0,Female,21,18-24,Mexico,Samanthaton,"photography, news"
84994.0,Male,49,45-54,United States,West Scott,"sports, travel, lifestyle"
85106.0,Male,27,25-34,United Kingdom,Stevensmouth,fitness
85270.0,Male,17,16-17,United Kingdom,Christyberg,"fitness, photography, travel"
85331.0,Female,33,25-34,United Kingdom,West Tara,"finance, health"
85379.0,Female,21,18-24,Germany,Rebeccachester,"art, technology"
85397.0,Male,42,35-44,India,Dianemouth,"art, finance, health"
85479.0,Male,19,18-24,Brazil,West Edwardfurt,health
85541.0,Male,46,45-54,Mexico,Lake Judithshire,"news, gaming, finance"
85575.0,Female,25,25-34,Mexico,Shahport,lifestyle
85699.0,Female,28,25-34,United States,West Charlesville,health
85911.0,Male,18,18-24,Canada,Tracytown,photography
86038.0,Male,16,16-17,Japan,South Kaylachester,"gaming, lifestyle"
86090.0,Male,19,18-24,Japan,North Codychester,art
86103.0,Male,34,25-34,Germany,South Cody,"fashion, news"
86139.0,Male,21,18-24,India,Joshuabury,"finance, photography"
86185.0,Male,22,18-24,France,New Candiceport,art
86383.0,Male,23,18-24,Japan,South Tanya,"health, finance, art"
86474.0,Other,39,35-44,Australia,East Christy,sports
86656.0,Female,31,25-34,Australia,New Dawnberg,lifestyle
86663.0,Female,40,35-44,United Kingdom,Bartonmouth,"sports, gaming, photography"
86701.0,Male,24,18-24,United States,Lake Tiffanyshire,"news, health"
86736.0,Male,30,25-34,Japan,North Katelyn,"art, lifestyle"
87000.0,Male,16,16-17,United States,Port Thomasland,"technology, food, travel"
87077.0,Male,16,16-17,United Kingdom,Shellyville,"technology, gaming"
87288.0,Female,19,18-24,United States,Garciaberg,"news, food"
87398.0,Male,25,25-34,Germany,Christensenfurt,"technology, finance, lifestyle"
87431.0,Male,17,16-17,United States,Robertburgh,sports
87439.0,Male,17,16-17,Brazil,Huffmanshire,"fashion, news"
87470.0,Other,48,45-54,Canada,Greerside,fitness
87514.0,Female,18,18-24,United States,Port Sandra,"gaming, health"
87587.0,Male,27,25-34,France,Shariberg,"art, news"
87675.0,Male,37,35-44,United States,West Sarafort,"travel, photography, sports"
87677.0,Male,20,18-24,United Kingdom,Justinland,"sports, gaming, art"
87678.0,Male,24,18-24,United Kingdom,Myersville,"food, lifestyle, sports"
87757.0,Male,21,18-24,United Kingdom,Alvarezville,lifestyle
87758.0,Male,29,25-34,United Kingdom,Scottborough,"travel, lifestyle"
87759.0,Male,21,18-24,Japan,Port Samueltown,"food, fashion"
87994.0,Male,35,35-44,Canada,Alicefurt,photography
88229.0,Female,25,25-34,United States,Katrinaside,lifestyle
88305.0,Male,26,25-34,United States,Ericamouth,"sports, photography, art"
88427.0,Male,17,16-17,Brazil,Krausebury,travel
88534.0,Male,19,18-24,United States,Herrerabury,health
88571.0,Female,22,18-24,Germany,West Michael,"sports, travel, gaming"
88600.0,Female,20,18-24,Mexico,Lake Harryburgh,"technology, health"
88666.0,Male,19,18-24,Australia,Jillfurt,technology
88722.0,Male,30,25-34,Australia,Ballardtown,fashion
88782.0,Male,23,18-24,United States,Jennychester,"finance, news"
88817.0,Other,19,18-24,Germany,Pattontown,"news, sports, lifestyle"
88886.0,Male,31,25-34,Brazil,Reillyville,"photography, lifestyle"
89074.0,Female,39,35-44,Australia,Frenchberg,"finance, fitness, news"
89092.0,Male,29,25-34,Brazil,Brianton,fitness
89216.0,Male,22,18-24,United States,Glennmouth,"art, fitness, news"
89737.0,Male,18,18-24,India,Scottview,"news, finance"
90005.0,Female,21,18-24,United States,Brendanville,"travel, finance"
90112.0,Female,41,35-44,United States,West Tomshire,"technology, art, gaming"
90310.0,Male,16,16-17,India,Longville,"travel, technology"
90429.0,Male,18,18-24,Australia,Fisherborough,lifestyle
90477.0,Male,36,35-44,Japan,West Emilyburgh,"lifestyle, travel"
90480.0,Male,40,35-44,Canada,Stokesport,technology
90548.0,Male,41,35-44,Canada,East Kyle,"food, travel, sports"
90619.0,Female,24,18-24,Japan,Lake Courtneyfort,finance
90961.0,Male,22,18-24,India,Port Nathanielbury,"news, health"
91244.0,Female,18,18-24,United States,Cruzside,"fashion, sports, technology"
91341.0,Male,18,18-24,India,Joanmouth,"fitness, fashion"
91434.0,Male,28,25-34,Germany,East Lisastad,"fashion, health"
91674.0,Female,34,25-34,France,Websterfort,fashion
91708.0,Female,22,18-24,United States,South Paula,photography
91851.0,Female,27,25-34,United Kingdom,Kimberlyhaven,"fitness, lifestyle, sports"
91882.0,Male,25,25-34,United States,Melissafurt,"finance, gaming, fashion"
91902.0,Female,29,25-34,India,Kingside,"photography, health, fitness"
91914.0,Male,28,25-34,United States,Hayeshaven,"travel, technology, photography"
91937.0,Male,19,18-24,Japan,East Lindsay,fitness
91939.0,Other,21,18-24,Canada,East Courtney,sports
92021.0,Male,28,25-34,Canada,East Victoria,"travel, health, fashion"
92059.0,Other,36,35-44,United States,South Sherryport,"art, technology"
92120.0,Male,21,18-24,United Kingdom,North Meganside,sports
92196.0,Male,24,18-24,Germany,Jordanland,"news, food"
92773.0,Female,29,25-34,United Kingdom,Williamtown,health
92779.0,Female,36,35-44,United States,New Maureenburgh,"art, health, travel"
92809.0,Male,35,35-44,Brazil,East Paigehaven,fitness
92811.0,Female,21,18-24,United Kingdom,Jacksonview,"lifestyle, photography"
92843.0,Male,23,18-24,India,Jenniferberg,photography
92936.0,Male,30,25-34,Australia,North Michaelburgh,news
93118.0,Male,25,25-34,Germany,Pattyview,"finance, health, fitness"
93127.0,Female,36,35-44,United Kingdom,Port Davidtown,"finance, lifestyle"
93144.0,Male,39,35-44,India,West Richardview,"health, sports, photography"
93190.0,Female,25,25-34,United Kingdom,Karastad,news
93255.0,Male,43,35-44,United States,North Johnbury,"travel, photography"
93322.0,Male,45,45-54,United Kingdom,Sherryfort,"technology, health, food"
93371.0,Male,44,35-44,Brazil,Krystalton,"finance, lifestyle, gaming"
93391.0,Male,29,25-34,Brazil,Lawrenceborough,"news, gaming"
93611.0,Female,20,18-24,Japan,New Timothy,"fitness, health"
93671.0,Male,24,18-24,United States,Pierceton,photography
93672.0,Male,29,25-34,United Kingdom,Samanthaport,"travel, art, fitness"
93750.0,Male,31,25-34,United States,Lake Courtneyfort,lifestyle
93789.0,Male,36,35-44,United States,Jacquelineshire,"photography, news, lifestyle"
94123.0,Male,41,35-44,Australia,Kimstad,"gaming, technology, travel"
94134.0,Male,31,25-34,United States,South Kimberly,"gaming, food"
94160.0,Other,24,18-24,France,New Melissafurt,"news, photography, gaming"
94171.0,Male,28,25-34,Mexico,West Veronica,sports
94239.0,Female,19,18-24,Canada,East Harry,technology
94342.0,Female,26,25-34,United Kingdom,East Ronnie,"art, fitness"
94345.0,Female,21,18-24,Canada,Michellehaven,finance
94413.0,Male,39,35-44,Germany,Manningtown,"technology, fitness, gaming"
94438.0,Male,37,35-44,United States,Harrisfort,"sports, food, art"
94458.0,Female,16,16-17,India,South Victor,"gaming, travel, fashion"
94490.0,Male,26,25-34,United States,Kristintown,"sports, news"
94582.0,Female,16,16-17,Brazil,Morrismouth,lifestyle
94653.0,Male,41,35-44,Canada,Munozhaven,"news, lifestyle, photography"
94660.0,Male,26,25-34,United States,West Kristintown,fashion
94984.0,Other,35,35-44,Australia,Matthewberg,"photography, finance, travel"
95012.0,Male,27,25-34,United Kingdom,New Loriburgh,"finance, gaming"
95284.0,Female,23,18-24,Canada,South Cameronside,photography
95340.0,Male,39,35-44,India,West Christophertown,news
95391.0,Female,26,25-34,France,Andersonfurt,"photography, art"
95528.0,Male,25,25-34,Germany,Baileyview,"art, technology, fitness"
95575.0,Male,17,16-17,India,North Joseburgh,finance
95655.0,Male,32,25-34,Japan,Amytown,fashion
95703.0,Male,25,25-34,India,New Davidville,photography
95727.0,Male,16,16-17,Canada,Allisonstad,news
95778.0,Female,28,25-34,Germany,Lake Gavin,"art, lifestyle"
95865.0,Female,24,18-24,Canada,East Brenda,"news, fitness"
95882.0,Male,26,25-34,United States,Lake Aprilbury,"food, health"
95917.0,Male,27,25-34,United States,New Ryanfort,"news, food, health"
96289.0,Other,26,25-34,France,Griffintown,fitness
96300.0,Other,16,16-17,United States,East James,finance
96316.0,Male,33,25-34,United States,East Josechester,news
96322.0,Female,33,25-34,India,Ashleytown,"news, health"
96348.0,Female,38,35-44,Germany,New James,"art, gaming, photography"
96354.0,Male,16,16-17,United Kingdom,North Megan,finance
96452.0,Male,20,18-24,India,Port Daniel,"health, news, travel"
96456.0,Other,17,16-17,India,Schmidtchester,"gaming, photography"
96474.0,Female,23,18-24,India,Lake Chris,"travel, technology, fitness"
96748.0,Male,18,18-24,Japan,Greenborough,news
96885.0,Male,23,18-24,United Kingdom,Williamport,travel
96894.0,Female,28,25-34,United Kingdom,Hermanhaven,finance
97127.0,Female,31,25-34,United States,Sarahtown,"fitness, fashion, food"
97191.0,Male,16,16-17,United States,Danielburgh,"lifestyle, fitness"
97262.0,Female,27,25-34,United Kingdom,West Marcustown,"art, travel, health"
97375.0,Male,16,16-17,India,Rebekahville,lifestyle
97424.0,Female,37,35-44,Australia,South Kaylachester,"art, news, lifestyle"
97446.0,Male,25,25-34,United Kingdom,Taraland,"art, gaming, news"
97551.0,Male,21,18-24,United Kingdom,East Timothymouth,"health, food"
97786.0,Female,28,25-34,United States,Jamesstad,lifestyle
97793.0,Female,35,35-44,Germany,Robinsontown,"fitness, news"
97966.0,Female,16,16-17,Australia,Janicefort,technology
98018.0,Male,31,25-34,Germany,Drewside,technology
98050.0,Male,16,16-17,United States,Smithside,fitness
98177.0,Female,34,25-34,Australia,Lucasview,art
98184.0,Male,43,35-44,United States,North Ryanview,"news, food"
98232.0,Female,27,25-34,United States,South Jamesside,"travel, food, finance"
98264.0,Male,34,25-34,France,North Alexview,"technology, finance"
98269.0,Male,21,18-24,India,Hayesberg,"sports, news"
98277.0,Female,24,18-24,United Kingdom,Phyllismouth,"gaming, sports, photography"
98293.0,Male,37,35-44,Canada,Gonzalezchester,"news, art"
98295.0,Female,37,35-44,United States,Prattshire,"sports, health, travel"
98315.0,Male,20,18-24,Mexico,Olsonchester,"food, sports"
98395.0,Female,16,16-17,United Kingdom,Sancheztown,"art, travel, food"
98433.0,Male,36,35-44,United Kingdom,Port Danielton,news
98440.0,Male,37,35-44,United Kingdom,East Brandon,"news, food, technology"
98559.0,Male,16,16-17,United States,Port Carolynland,fitness
98677.0,Male,25,25-34,Canada,Johnsonchester,"travel, news"
98708.0,Male,24,18-24,Germany,North Jennifer,finance
98854.0,Male,16,16-17,Mexico,West Johnborough,"gaming, sports, photography"
99000.0,Male,27,25-34,United States,Juliamouth,"technology, food"
99067.0,Male,30,25-34,Australia,Turnerbury,"fitness, travel, health"
99132.0,Male,19,18-24,Germany,South David,gaming
99144.0,Male,20,18-24,Mexico,Chenstad,"finance, news"
99369.0,Male,42,35-44,United States,West Ian,travel
99409.0,Female,28,25-34,France,Fieldsstad,food
99428.0,Male,22,18-24,Australia,West Johnny,"health, photography"
99456.0,Male,23,18-24,United States,Perrybury,"photography, news"
99523.0,Female,17,16-17,United States,Ashleyland,food
99781.0,Female,27,25-34,Australia,Mcphersonhaven,fitness
99894.0,Male,27,25-34,Australia,Parkertown,finance
99991.0,Female,38,35-44,Germany,West Justinshire,"technology, travel, fitness"
280000.0,Male,29,25-34,Mexico,North Matthewfurt,"lifestyle, fashion, health"
430000.0,Female,29,25-34,Germany,Port Edward,"travel, technology, lifestyle"
473000.0,Male,33,25-34,United States,Forbesfort,"gaming, technology"
482000.0,Male,17,16-17,Mexico,North Sharonbury,"fitness, travel"
580000.0,Male,29,25-34,Canada,East Amber,finance
605000.0,Female,21,18-24,United Kingdom,Martinezborough,"finance, art"
686000.0,Male,22,18-24,United States,North Brettfort,"fashion, art"
755000.0,Female,24,18-24,Canada,Ryanhaven,"fitness, photography, fashion"
913000.0,Female,29,25-34,Mexico,New Nicole,"fashion, news"
970000.0,Male,21,18-24,Australia,Maryshire,"fashion, fitness"
975000.0,Male,50,45-54,India,Bradleyfurt,health
980000.0,Male,25,25-34,Japan,Timothybury,"lifestyle, fashion, fitness"
987000.0,Female,33,25-34,United Kingdom,South Charlesport,travel
2330000.0,Male,27,25-34,Mexico,Lake Anthonyshire,"food, gaming"
2460000.0,Female,39,35-44,Germany,West Yolanda,"fashion, photography"
2670000.0,Male,26,25-34,Mexico,New Noahborough,health
3200000.0,Male,24,18-24,United Kingdom,New Biancashire,"fitness, travel, photography"
3470000.0,Female,30,25-34,India,Meyerstad,"lifestyle, finance"
3730000.0,Male,24,18-24,United Kingdom,South Tracyville,gaming
5070000.0,Male,24,18-24,Japan,Lake Anthony,"technology, finance"
5810000.0,Male,33,25-34,United States,North Josephville,"gaming, fashion"
6000000.0,Male,20,18-24,Japan,West Kaitlinville,"art, travel"
7350000.0,Male,29,25-34,United Kingdom,Karinaport,art
7460000.0,Male,17,16-17,Germany,Jadehaven,"food, news, fitness"
8050000.0,Male,40,35-44,India,New Brian,food
8760000.0,Male,20,18-24,United States,Harrisfort,"fashion, lifestyle"
9810000.0,Female,26,25-34,Australia,Riverastad,"news, finance"
10000000.0,Female,17,16-17,Canada,Vaughanport,"gaming, sports"
14100000.0,Male,21,18-24,Germany,Danielsfort,"food, fitness, lifestyle"
18700000.0,Other,21,18-24,United Kingdom,Kristinaville,health
23500000.0,Male,30,25-34,United States,Evelynside,finance
26500000.0,Male,22,18-24,United Kingdom,Martinezhaven,"gaming, technology, lifestyle"
29200000.0,Male,16,16-17,Germany,Kristitown,"lifestyle, travel, technology"
37900000.0,Female,36,35-44,Brazil,Port Margaretland,"sports, technology, travel"
41000000.0,Female,36,35-44,United States,Lake Victoriaview,"food, fashion"
54100000.0,Male,25,25-34,India,North Andrea,lifestyle
99800000.0,Male,18,18-24,Canada,Pamelastad,"fashion, lifestyle, sports"
130000000.0,Male,19,18-24,United States,Jenkinsberg,"food, travel, news"
286000000.0,Male,36,35-44,Germany,Pierceville,"finance, sports"
309000000.0,Other,29,25-34,France,South Michaelmouth,photography
324000000.0,Other,31,25-34,Canada,Stevenburgh,technology
447000000.0,Female,16,16-17,Mexico,Lawrencemouth,"art, finance"
469000000.0,Female,21,18-24,Mexico,Leahfurt,"lifestyle, health, technology"
475000000.0,Female,22,18-24,United States,Sueton,"art, gaming"
523000000.0,Male,18,18-24,United Kingdom,Port Bradley,"travel, sports"
526000000.0,Female,53,45-54,United Kingdom,Lake Trevor,"lifestyle, news"
547000000.0,Female,23,18-24,United Kingdom,Smithberg,"health, art, news"
728000000.0,Male,33,25-34,Australia,West Luis,"fashion, food"
790000000.0,Female,26,25-34,United States,Roweburgh,"fitness, sports, gaming"
800000000.0,Male,31,25-34,United States,East Paulport,"lifestyle, technology"
869000000.0,Male,29,25-34,Canada,North Natashaborough,"health, food"
936000000.0,Male,57,55-65,United States,Wardton,"gaming, fashion"
960000000.0,Male,17,16-17,Japan,Cordovafurt,photography
980000000.0,Male,55,55-65,Brazil,Lake Anthony,"travel, technology, food"
6000000000.0,Female,26,25-34,India,Gregoryfurt,"health, technology, gaming"
6200000000.0,Female,17,16-17,United States,East Joshua,"technology, lifestyle"
6560000000.0,Other,18,18-24,Australia,Lewischester,"travel, photography, news"
6700000000.0,Female,25,25-34,India,Calderonland,"fashion, food, finance"
7180000000.0,Male,16,16-17,United States,New Marktown,"news, gaming, art"
8600000000.0,Other,20,18-24,Germany,North Davidton,lifestyle
8950000000.0,Female,37,35-44,United States,Steventown,"fitness, gaming, finance"
9200000000.0,Male,42,35-44,India,Darleneburgh,"sports, food, art"
9790000000.0,Female,21,18-24,United States,South Melissa,"lifestyle, fitness"
10000000000.0,Female,28,25-34,France,East Harryville,sports
10900000000.0,Male,20,18-24,Australia,Heatherport,art
14000000000.0,Male,22,18-24,United States,Lake Gordon,"technology, art"
15100000000.0,Female,22,18-24,Japan,North Thomas,"lifestyle, fitness"
29800000000.0,Male,44,35-44,United States,Mcgeefort,sports
45200000000.0,Male,27,25-34,United States,South Rachel,"photography, lifestyle"
52800000000.0,Male,38,35-44,Brazil,Lake Kyle,"lifestyle, art, sports"
62100000000.0,Female,19,18-24,Germany,West Michaelbury,"gaming, food, fashion"
62900000000.0,Female,22,18-24,Brazil,Port Michaelburgh,"food, health, gaming"
63700000000.0,Female,26,25-34,India,Abigailview,"sports, news, travel"
64300000000.0,Female,33,25-34,United States,South Brett,technology
136000000000.0,Male,21,18-24,Canada,New Stacy,fashion
325000000000.0,Male,48,45-54,Mexico,Williamsfurt,"fashion, travel"
430000000000.0,Female,30,25-34,Mexico,South Jordan,"technology, sports"
562000000000.0,Male,42,35-44,United States,South Aprilburgh,"lifestyle, fitness, gaming"
713000000000.0,Other,36,35-44,India,Port Jamieside,"photography, sports"
725000000000.0,Male,19,18-24,Germany,Lake Scott,travel
4000000000000.0,Other,20,18-24,Germany,Martinshire,"food, news"
40000000000000.0,Other,30,25-34,India,Port Daletown,"food, travel"
2.9e+16,Male,27,25-34,United States,Lake Robinstad,fashion
5.1e+16,Female,41,35-44,France,Leeland,travel
5.8e+16,Other,39,35-44,Canada,Davidburgh,travel
2.1e+17,Male,28,25-34,United States,East Stephenmouth,"gaming, fashion"
3.6e+18,Other,21,18-24,France,Masonmouth,"gaming, sports, lifestyle"
3.7e+18,Other,29,25-34,Canada,Justinport,"fitness, travel, health"
7.1e+19,Male,34,25-34,India,South Alexis,"travel, fashion"
7e+20,Male,44,35-44,Brazil,Danielmouth,food
7.1e+20,Female,30,25-34,United States,Gomezhaven,"fitness, sports"
2e+21,Male,32,25-34,United States,Raymondfort,"gaming, fitness, food"
2.9e+22,Female,25,25-34,United Kingdom,South Teresaborough,"travel, art"
4.5e+22,Male,42,35-44,United Kingdom,East Brenda,"gaming, sports, food"
7e+22,Female,35,35-44,United Kingdom,Dustinview,"news, technology"
5.8e+23,Male,18,18-24,United Kingdom,Mitchellborough,fitness
9.9e+24,Female,25,25-34,United States,Gonzalestown,"fitness, news"
1.4e+25,Other,17,16-17,United States,Cordovastad,fashion
8.8e+25,Male,21,18-24,United States,Goodberg,"photography, food, gaming"
8.9e+26,Female,16,16-17,Canada,Everettville,"food, gaming"
1e+28,Female,27,25-34,France,Jennifermouth,"sports, fashion, lifestyle"
3.5e+29,Male,16,16-17,United States,East Kimberly,"fashion, lifestyle"
8.2e+30,Male,28,25-34,Mexico,Port Shanehaven,"food, health"
7.3e+31,Male,33,25-34,Canada,Waltersville,"art, photography"
8e+31,Female,27,25-34,Australia,North Kevin,"fitness, finance, art"
1.5e+32,Female,16,16-17,United States,Joshuaview,"photography, sports, news"
2.3e+32,Female,22,18-24,United States,West Michaelton,"fitness, photography"
6.5e+32,Male,24,18-24,Canada,Jenniferhaven,"travel, art, food"
1e+33,Other,28,25-34,United States,North Jennifer,"health, gaming, fashion"
9.9e+33,Other,22,18-24,United Kingdom,Carlosburgh,"news, health"
8.5e+34,Female,23,18-24,United Kingdom,Shellyland,"photography, travel, art"
5.7e+36,Female,25,25-34,United Kingdom,East Jimmy,"gaming, art"
2.2e+37,Female,16,16-17,United States,Carterborough,"art, fitness"
7.2e+38,Male,26,25-34,Brazil,Richardsonstad,"sports, news, lifestyle"
1.3e+39,Female,33,25-34,India,South Sarahport,"fitness, technology"
2e+39,Male,27,25-34,India,New Tammymouth,travel
5.5e+45,Female,27,25-34,Germany,North Danielbury,"gaming, news"
6.8e+47,Male,20,18-24,France,Johnsonberg,"travel, photography, health"
1.9e+48,Female,18,18-24,United Kingdom,Lindamouth,technology
6.3e+48,Other,16,16-17,United States,North Corystad,"technology, travel, art"
6.7e+50,Male,25,25-34,Australia,West Matthew,"sports, gaming, fashion"
7.7e+50,Female,33,25-34,Canada,Lake Tylermouth,news
7.8e+50,Female,21,18-24,United Kingdom,Lisaburgh,"technology, fashion"
9.3e+51,Male,20,18-24,United Kingdom,Jennifertown,"fitness, fashion"
2.1e+53,Male,44,35-44,United Kingdom,Wilsonstad,finance
5.8e+53,Female,19,18-24,United Kingdom,Lake Jodi,gaming
6.1e+53,Male,26,25-34,United Kingdom,North Melissafurt,art
1.8e+54,Male,16,16-17,Canada,Rubenstad,"technology, finance"
4e+54,Male,23,18-24,United States,Theodorefort,food
1.8e+56,Male,26,25-34,Australia,New Whitney,"gaming, photography, health"
7e+56,Female,28,25-34,United States,North Lawrencestad,fashion
4e+57,Female,24,18-24,Brazil,South Lisahaven,"photography, finance"
8.7e+58,Male,24,18-24,India,West Michellemouth,health
2e+61,Male,24,18-24,India,East Douglas,"travel, health, technology"
4.7e+61,Female,27,25-34,United States,Port Luisfurt,news
2e+62,Male,29,25-34,United Kingdom,Davidberg,food
8e+63,Male,43,35-44,France,Michellestad,technology
9e+63,Female,22,18-24,United Kingdom,Lake Mistytown,"travel, technology, sports"
8.3e+65,Male,25,25-34,United States,North Gregoryton,news
8.4e+65,Male,31,25-34,India,Michaelside,sports
5.8e+66,Male,40,35-44,United Kingdom,New Cindy,finance
9.9e+67,Female,28,25-34,Japan,Alexanderside,"fitness, photography, lifestyle"
6e+70,Male,22,18-24,Brazil,New Karentown,"fashion, technology, lifestyle"
4.7e+72,Female,30,25-34,United Kingdom,Ericmouth,"food, lifestyle"
7e+72,Male,36,35-44,United States,Rodgersville,"news, food"
8.2e+72,Male,33,25-34,France,Bensonville,"art, technology, fitness"
5.1e+73,Female,28,25-34,United Kingdom,Mcculloughfort,"fitness, fashion, sports"
1.2e+74,Other,26,25-34,Germany,Lake Joseph,"health, fashion"
1.9e+76,Male,23,18-24,Mexico,West Charles,"health, sports, fashion"
5.7e+76,Male,28,25-34,Brazil,South Stacy,photography
6.6e+79,Male,25,25-34,Canada,Valenciamouth,fashion
9.2e+81,Male,22,18-24,India,Nielsenburgh,gaming
2.3e+82,Female,18,18-24,United States,Lake Michelle,art
7.9e+83,Female,34,25-34,Brazil,Thompsonland,"news, gaming"
9e+83,Other,39,35-44,Mexico,Kylefort,"travel, sports"
1e+85,Female,24,18-24,Japan,Brockborough,health
6.6e+85,Male,18,18-24,Canada,New Jenniferberg,technology
7.7e+85,Female,20,18-24,Germany,West Miguelbury,"travel, finance"
1.9e+86,Female,28,25-34,United Kingdom,Justinville,"lifestyle, fitness, food"
9.1e+87,Male,50,45-54,United States,Scottfort,"travel, fashion"
9.8e+88,Male,31,25-34,United States,New Justin,lifestyle
2.6e+89,Male,21,18-24,Mexico,South Wendyport,"fitness, art"
4.7e+89,Male,23,18-24,United States,Port Brianland,art
5.4e+89,Female,31,25-34,United Kingdom,West Stephen,"sports, health"
5.1e+91,Other,21,18-24,Mexico,Lake Heathermouth,"fashion, photography"
9e+91,Male,17,16-17,Mexico,North Dustinport,"sports, lifestyle"
9.5e+91,Male,24,18-24,India,Carpenterburgh,art
5.5e+96,Female,47,45-54,United States,Boyerport,"photography, lifestyle, technology"
7.4e+98,Other,62,55-65,United States,Duartehaven,fitness
7.5e+98,Other,27,25-34,Mexico,Stephanieshire,health
1.6e+99,Female,21,18-24,United States,Anthonychester,"travel, health"
3e+101,Other,38,35-44,United States,Victoriafort,"health, gaming, finance"
9e+106,Male,32,25-34,Canada,Edwardsside,lifestyle
1e+115,Female,25,25-34,Canada,Carpenterberg,fashion
4e+134,Female,28,25-34,Japan,West Phyllismouth,"travel, photography"
3e+137,Female,28,25-34,United States,Wilkersonmouth,"photography, travel"
1e+155,Other,26,25-34,United States,Port Kevinberg,"fashion, health"
5e+169,Male,41,35-44,United States,Barbarahaven,"sports, fashion"
3e+202,Female,26,25-34,Japan,North Janet,"photography, fashion, fitness"
6e+208,Female,22,18-24,Brazil,Port Danielleview,art
2e+210,Female,36,35-44,United Kingdom,South Joyce,"fashion, sports, gaming"
5e+213,Male,22,18-24,India,North Ashley,"travel, news, lifestyle"
5e+215,Male,28,25-34,Canada,West Shelly,"travel, photography"
9e+216,Male,28,25-34,United States,Burtonport,"photography, art, food"
4e+226,Male,26,25-34,United States,Dylanhaven,"finance, photography, fitness"
5e+236,Other,16,16-17,United Kingdom,Grahamburgh,"fashion, art"
3e+237,Male,27,25-34,United States,Smithfurt,fashion
6e+237,Female,41,35-44,United States,Copelandbury,travel
7e+265,Male,22,18-24,India,Masseyville,"sports, photography, art"
2e+266,Male,44,35-44,Australia,North Dana,health
2e+275,Female,43,35-44,Australia,New Jessica,news
9e+276,Male,16,16-17,United States,Karenmouth,news
2e+305,Female,28,25-34,India,Vanessaton,"food, photography"
0.0,Other,19,18-24,India,North Christina,gaming
0.0,Male,20,18-24,United States,Lake Stephaniestad,"technology, health"
0.0,Male,22,18-24,India,New Mitchellfurt,finance
0.0,Male,37,35-44,Brazil,Davidton,"art, gaming"
0.0,Male,19,18-24,United States,Craigview,travel
0.0,Female,16,16-17,United Kingdom,West Amychester,"fashion, technology, sports"
