Date,Day Name,Day Number,Month,Month Number,Week Day,Year,Quarter
2025-02-13,Thursday,13,February,2,4,2025,Q1
2025-02-14,Friday,14,February,2,5,2025,Q1
2025-02-15,Saturday,15,February,2,6,2025,Q1
2025-02-16,Sunday,16,February,2,7,2025,Q1
2025-02-17,Monday,17,February,2,1,2025,Q1
2025-02-18,Tuesday,18,February,2,2,2025,Q1
2025-02-19,Wednesday,19,February,2,3,2025,Q1
2025-02-20,Thursday,20,February,2,4,2025,Q1
2025-02-21,Friday,21,February,2,5,2025,Q1
2025-02-22,Saturday,22,February,2,6,2025,Q1
2025-02-23,Sunday,23,February,2,7,2025,Q1
2025-02-24,Monday,24,February,2,1,2025,Q1
2025-02-25,Tuesday,25,February,2,2,2025,Q1
2025-02-26,Wednesday,26,February,2,3,2025,Q1
2025-02-27,Thursday,27,February,2,4,2025,Q1
2025-02-28,Friday,28,February,2,5,2025,Q1
2025-03-01,Saturday,1,March,3,6,2025,Q1
2025-03-02,Sunday,2,March,3,7,2025,Q1
2025-03-03,Monday,3,March,3,1,2025,Q1
2025-03-04,Tuesday,4,March,3,2,2025,Q1
2025-03-05,Wednesday,5,March,3,3,2025,Q1
2025-03-06,Thursday,6,March,3,4,2025,Q1
2025-03-07,Friday,7,March,3,5,2025,Q1
2025-03-08,Saturday,8,March,3,6,2025,Q1
2025-03-09,Sunday,9,March,3,7,2025,Q1
2025-03-10,Monday,10,March,3,1,2025,Q1
2025-03-11,Tuesday,11,March,3,2,2025,Q1
2025-03-12,Wednesday,12,March,3,3,2025,Q1
2025-03-13,Thursday,13,March,3,4,2025,Q1
2025-03-14,Friday,14,March,3,5,2025,Q1
2025-03-15,Saturday,15,March,3,6,2025,Q1
2025-03-16,Sunday,16,March,3,7,2025,Q1
2025-03-17,Monday,17,March,3,1,2025,Q1
2025-03-18,Tuesday,18,March,3,2,2025,Q1
2025-03-19,Wednesday,19,March,3,3,2025,Q1
2025-03-20,Thursday,20,March,3,4,2025,Q1
2025-03-21,Friday,21,March,3,5,2025,Q1
2025-03-22,Saturday,22,March,3,6,2025,Q1
2025-03-23,Sunday,23,March,3,7,2025,Q1
2025-03-24,Monday,24,March,3,1,2025,Q1
2025-03-25,Tuesday,25,March,3,2,2025,Q1
2025-03-26,Wednesday,26,March,3,3,2025,Q1
2025-03-27,Thursday,27,March,3,4,2025,Q1
2025-03-28,Friday,28,March,3,5,2025,Q1
2025-03-29,Saturday,29,March,3,6,2025,Q1
2025-03-30,Sunday,30,March,3,7,2025,Q1
2025-03-31,Monday,31,March,3,1,2025,Q1
2025-04-01,Tuesday,1,April,4,2,2025,Q2
2025-04-02,Wednesday,2,April,4,3,2025,Q2
2025-04-03,Thursday,3,April,4,4,2025,Q2
2025-04-04,Friday,4,April,4,5,2025,Q2
2025-04-05,Saturday,5,April,4,6,2025,Q2
2025-04-06,Sunday,6,April,4,7,2025,Q2
2025-04-07,Monday,7,April,4,1,2025,Q2
2025-04-08,Tuesday,8,April,4,2,2025,Q2
2025-04-09,Wednesday,9,April,4,3,2025,Q2
2025-04-10,Thursday,10,April,4,4,2025,Q2
2025-04-11,Friday,11,April,4,5,2025,Q2
2025-04-12,Saturday,12,April,4,6,2025,Q2
2025-04-13,Sunday,13,April,4,7,2025,Q2
2025-04-14,Monday,14,April,4,1,2025,Q2
2025-04-15,Tuesday,15,April,4,2,2025,Q2
2025-04-16,Wednesday,16,April,4,3,2025,Q2
2025-04-17,Thursday,17,April,4,4,2025,Q2
2025-04-18,Friday,18,April,4,5,2025,Q2
2025-04-19,Saturday,19,April,4,6,2025,Q2
2025-04-20,Sunday,20,April,4,7,2025,Q2
2025-04-21,Monday,21,April,4,1,2025,Q2
2025-04-22,Tuesday,22,April,4,2,2025,Q2
2025-04-23,Wednesday,23,April,4,3,2025,Q2
2025-04-24,Thursday,24,April,4,4,2025,Q2
2025-04-25,Friday,25,April,4,5,2025,Q2
2025-04-26,Saturday,26,April,4,6,2025,Q2
2025-04-27,Sunday,27,April,4,7,2025,Q2
2025-04-28,Monday,28,April,4,1,2025,Q2
2025-04-29,Tuesday,29,April,4,2,2025,Q2
2025-04-30,Wednesday,30,April,4,3,2025,Q2
2025-05-01,Thursday,1,May,5,4,2025,Q2
2025-05-02,Friday,2,May,5,5,2025,Q2
2025-05-03,Saturday,3,May,5,6,2025,Q2
2025-05-04,Sunday,4,May,5,7,2025,Q2
2025-05-05,Monday,5,May,5,1,2025,Q2
2025-05-06,Tuesday,6,May,5,2,2025,Q2
2025-05-07,Wednesday,7,May,5,3,2025,Q2
2025-05-08,Thursday,8,May,5,4,2025,Q2
2025-05-09,Friday,9,May,5,5,2025,Q2
2025-05-10,Saturday,10,May,5,6,2025,Q2
2025-05-11,Sunday,11,May,5,7,2025,Q2
2025-05-12,Monday,12,May,5,1,2025,Q2
2025-05-13,Tuesday,13,May,5,2,2025,Q2
2025-05-14,Wednesday,14,May,5,3,2025,Q2
2025-05-15,Thursday,15,May,5,4,2025,Q2
2025-05-16,Friday,16,May,5,5,2025,Q2
2025-05-17,Saturday,17,May,5,6,2025,Q2
2025-05-18,Sunday,18,May,5,7,2025,Q2
2025-05-19,Monday,19,May,5,1,2025,Q2
2025-05-20,Tuesday,20,May,5,2,2025,Q2
2025-05-21,Wednesday,21,May,5,3,2025,Q2
2025-05-22,Thursday,22,May,5,4,2025,Q2
2025-05-23,Friday,23,May,5,5,2025,Q2
2025-05-24,Saturday,24,May,5,6,2025,Q2
2025-05-25,Sunday,25,May,5,7,2025,Q2
2025-05-26,Monday,26,May,5,1,2025,Q2
2025-05-27,Tuesday,27,May,5,2,2025,Q2
2025-05-28,Wednesday,28,May,5,3,2025,Q2
2025-05-29,Thursday,29,May,5,4,2025,Q2
2025-05-30,Friday,30,May,5,5,2025,Q2
2025-05-31,Saturday,31,May,5,6,2025,Q2
2025-06-01,Sunday,1,June,6,7,2025,Q2
2025-06-02,Monday,2,June,6,1,2025,Q2
2025-06-03,Tuesday,3,June,6,2,2025,Q2
2025-06-04,Wednesday,4,June,6,3,2025,Q2
2025-06-05,Thursday,5,June,6,4,2025,Q2
2025-06-06,Friday,6,June,6,5,2025,Q2
2025-06-07,Saturday,7,June,6,6,2025,Q2
2025-06-08,Sunday,8,June,6,7,2025,Q2
2025-06-09,Monday,9,June,6,1,2025,Q2
2025-06-10,Tuesday,10,June,6,2,2025,Q2
2025-06-11,Wednesday,11,June,6,3,2025,Q2
2025-06-12,Thursday,12,June,6,4,2025,Q2
2025-06-13,Friday,13,June,6,5,2025,Q2
2025-06-14,Saturday,14,June,6,6,2025,Q2
2025-06-15,Sunday,15,June,6,7,2025,Q2
2025-06-16,Monday,16,June,6,1,2025,Q2
2025-06-17,Tuesday,17,June,6,2,2025,Q2
2025-06-18,Wednesday,18,June,6,3,2025,Q2
2025-06-19,Thursday,19,June,6,4,2025,Q2
2025-06-20,Friday,20,June,6,5,2025,Q2
2025-06-21,Saturday,21,June,6,6,2025,Q2
2025-06-22,Sunday,22,June,6,7,2025,Q2
2025-06-23,Monday,23,June,6,1,2025,Q2
2025-06-24,Tuesday,24,June,6,2,2025,Q2
2025-06-25,Wednesday,25,June,6,3,2025,Q2
2025-06-26,Thursday,26,June,6,4,2025,Q2
2025-06-27,Friday,27,June,6,5,2025,Q2
2025-06-28,Saturday,28,June,6,6,2025,Q2
2025-06-29,Sunday,29,June,6,7,2025,Q2
2025-06-30,Monday,30,June,6,1,2025,Q2
2025-07-01,Tuesday,1,July,7,2,2025,Q3
2025-07-02,Wednesday,2,July,7,3,2025,Q3
2025-07-03,Thursday,3,July,7,4,2025,Q3
2025-07-04,Friday,4,July,7,5,2025,Q3
2025-07-05,Saturday,5,July,7,6,2025,Q3
2025-07-06,Sunday,6,July,7,7,2025,Q3
2025-07-07,Monday,7,July,7,1,2025,Q3
2025-07-08,Tuesday,8,July,7,2,2025,Q3
2025-07-09,Wednesday,9,July,7,3,2025,Q3
2025-07-10,Thursday,10,July,7,4,2025,Q3
2025-07-11,Friday,11,July,7,5,2025,Q3
2025-07-12,Saturday,12,July,7,6,2025,Q3
2025-07-13,Sunday,13,July,7,7,2025,Q3
2025-07-14,Monday,14,July,7,1,2025,Q3
2025-07-15,Tuesday,15,July,7,2,2025,Q3
2025-07-16,Wednesday,16,July,7,3,2025,Q3
2025-07-17,Thursday,17,July,7,4,2025,Q3
2025-07-18,Friday,18,July,7,5,2025,Q3
2025-07-19,Saturday,19,July,7,6,2025,Q3
2025-07-20,Sunday,20,July,7,7,2025,Q3
2025-07-21,Monday,21,July,7,1,2025,Q3
2025-07-22,Tuesday,22,July,7,2,2025,Q3
2025-07-23,Wednesday,23,July,7,3,2025,Q3
2025-07-24,Thursday,24,July,7,4,2025,Q3
2025-07-25,Friday,25,July,7,5,2025,Q3
2025-07-26,Saturday,26,July,7,6,2025,Q3
2025-07-27,Sunday,27,July,7,7,2025,Q3
2025-07-28,Monday,28,July,7,1,2025,Q3
2025-07-29,Tuesday,29,July,7,2,2025,Q3
2025-07-30,Wednesday,30,July,7,3,2025,Q3
2025-07-31,Thursday,31,July,7,4,2025,Q3
2025-08-01,Friday,1,August,8,5,2025,Q3
2025-08-02,Saturday,2,August,8,6,2025,Q3
2025-08-03,Sunday,3,August,8,7,2025,Q3
2025-08-04,Monday,4,August,8,1,2025,Q3
2025-08-05,Tuesday,5,August,8,2,2025,Q3
2025-08-06,Wednesday,6,August,8,3,2025,Q3
2025-08-07,Thursday,7,August,8,4,2025,Q3
2025-08-08,Friday,8,August,8,5,2025,Q3
2025-08-09,Saturday,9,August,8,6,2025,Q3
2025-08-10,Sunday,10,August,8,7,2025,Q3
2025-08-11,Monday,11,August,8,1,2025,Q3
2025-08-12,Tuesday,12,August,8,2,2025,Q3
2025-08-13,Wednesday,13,August,8,3,2025,Q3
2025-08-14,Thursday,14,August,8,4,2025,Q3
2025-08-15,Friday,15,August,8,5,2025,Q3
2025-08-16,Saturday,16,August,8,6,2025,Q3
2025-08-17,Sunday,17,August,8,7,2025,Q3
2025-08-18,Monday,18,August,8,1,2025,Q3
2025-08-19,Tuesday,19,August,8,2,2025,Q3
2025-08-20,Wednesday,20,August,8,3,2025,Q3
2025-08-21,Thursday,21,August,8,4,2025,Q3
2025-08-22,Friday,22,August,8,5,2025,Q3
2025-08-23,Saturday,23,August,8,6,2025,Q3
2025-08-24,Sunday,24,August,8,7,2025,Q3
2025-08-25,Monday,25,August,8,1,2025,Q3
2025-08-26,Tuesday,26,August,8,2,2025,Q3
2025-08-27,Wednesday,27,August,8,3,2025,Q3
2025-08-28,Thursday,28,August,8,4,2025,Q3
2025-08-29,Friday,29,August,8,5,2025,Q3
2025-08-30,Saturday,30,August,8,6,2025,Q3
2025-08-31,Sunday,31,August,8,7,2025,Q3
2025-09-01,Monday,1,September,9,1,2025,Q3
2025-09-02,Tuesday,2,September,9,2,2025,Q3
2025-09-03,Wednesday,3,September,9,3,2025,Q3
2025-09-04,Thursday,4,September,9,4,2025,Q3
2025-09-05,Friday,5,September,9,5,2025,Q3
2025-09-06,Saturday,6,September,9,6,2025,Q3
2025-09-07,Sunday,7,September,9,7,2025,Q3
2025-09-08,Monday,8,September,9,1,2025,Q3
2025-09-09,Tuesday,9,September,9,2,2025,Q3
2025-09-10,Wednesday,10,September,9,3,2025,Q3
2025-09-11,Thursday,11,September,9,4,2025,Q3
2025-09-12,Friday,12,September,9,5,2025,Q3
2025-09-13,Saturday,13,September,9,6,2025,Q3
2025-09-14,Sunday,14,September,9,7,2025,Q3
2025-09-15,Monday,15,September,9,1,2025,Q3
2025-09-16,Tuesday,16,September,9,2,2025,Q3
2025-09-17,Wednesday,17,September,9,3,2025,Q3
2025-09-18,Thursday,18,September,9,4,2025,Q3
2025-09-19,Friday,19,September,9,5,2025,Q3
2025-09-20,Saturday,20,September,9,6,2025,Q3
2025-09-21,Sunday,21,September,9,7,2025,Q3
2025-09-22,Monday,22,September,9,1,2025,Q3
2025-09-23,Tuesday,23,September,9,2,2025,Q3
2025-09-24,Wednesday,24,September,9,3,2025,Q3
2025-09-25,Thursday,25,September,9,4,2025,Q3
2025-09-26,Friday,26,September,9,5,2025,Q3
2025-09-27,Saturday,27,September,9,6,2025,Q3
2025-09-28,Sunday,28,September,9,7,2025,Q3
2025-09-29,Monday,29,September,9,1,2025,Q3
2025-09-30,Tuesday,30,September,9,2,2025,Q3
2025-10-01,Wednesday,1,October,10,3,2025,Q4
2025-10-02,Thursday,2,October,10,4,2025,Q4
2025-10-03,Friday,3,October,10,5,2025,Q4
2025-10-04,Saturday,4,October,10,6,2025,Q4
2025-10-05,Sunday,5,October,10,7,2025,Q4
2025-10-06,Monday,6,October,10,1,2025,Q4
2025-10-07,Tuesday,7,October,10,2,2025,Q4
2025-10-08,Wednesday,8,October,10,3,2025,Q4
2025-10-09,Thursday,9,October,10,4,2025,Q4
2025-10-10,Friday,10,October,10,5,2025,Q4
2025-10-11,Saturday,11,October,10,6,2025,Q4
2025-10-12,Sunday,12,October,10,7,2025,Q4
