campaign_id,impressions,clicks,engagements,purchases,CTR,CVR,Purchase_Rate,Engagement_Rate,total_budget,Budget_per_Purchase
1,1508,174,82,16,0.11538461538461539,0.09195402298850575,0.010610079575596816,0.054376657824933686,24021.32,1501.3325
10,1906,234,121,16,0.12277019937040923,0.06837606837606838,0.008394543546694649,0.06348373557187828,19669.27,1229.329375
11,1569,180,87,13,0.1147227533460803,0.07222222222222222,0.0082855321861058,0.055449330783938815,79067.91,6082.1469230769235
12,1024,142,57,6,0.138671875,0.04225352112676056,0.005859375,0.0556640625,30525.65,5087.608333333334
13,3037,326,171,19,0.10734277247283504,0.05828220858895705,0.006256173855778729,0.05630556470200856,21855.42,1150.2852631578946
14,988,110,46,6,0.11133603238866396,0.05454545454545454,0.006072874493927126,0.0465587044534413,39849.94,6641.656666666667
15,2532,302,120,10,0.11927330173775672,0.033112582781456956,0.0039494470774091624,0.04739336492890995,85407.23,8540.723
17,4054,503,218,30,0.12407498766650223,0.05964214711729622,0.00740009866798224,0.053774050320670945,86675.92,2889.197333333333
18,1484,171,92,6,0.11522911051212938,0.03508771929824561,0.004043126684636119,0.06199460916442048,48832.61,8138.768333333333
19,1015,111,57,5,0.10935960591133005,0.04504504504504504,0.0049261083743842365,0.0561576354679803,33182.45,6636.49
2,1567,162,85,12,0.10338225909380983,0.07407407407407407,0.007657945118059987,0.054243777919591576,79342.41,6611.8675
20,4023,489,193,17,0.1215510812826249,0.034764826175869123,0.004225702212279393,0.04797414864528959,98904.66,5817.921176470589
21,2022,257,102,17,0.1271018793273986,0.06614785992217899,0.008407517309594461,0.050445103857566766,37290.81,2193.577058823529
22,2536,317,144,17,0.125,0.05362776025236593,0.006703470031545741,0.056782334384858045,35743.4,2102.5529411764705
23,1495,167,73,15,0.1117056856187291,0.08982035928143713,0.010033444816053512,0.04882943143812709,26001.67,1733.4446666666665
24,4120,460,187,20,0.11165048543689321,0.043478260869565216,0.0048543689320388345,0.04538834951456311,56692.87,2834.6435
25,2546,304,145,19,0.11940298507462686,0.0625,0.007462686567164179,0.05695208169677926,52725.49,2775.025789473684
26,1554,157,92,9,0.10102960102960103,0.05732484076433121,0.005791505791505791,0.059202059202059204,44538.87,4948.763333333333
27,936,108,67,7,0.11538461538461539,0.06481481481481481,0.007478632478632479,0.07158119658119658,12986.3,1855.185714285714
28,1505,174,73,11,0.11561461794019934,0.06321839080459771,0.007308970099667774,0.04850498338870432,32844.79,2985.89
29,3549,431,202,16,0.12144265990419836,0.037122969837587005,0.004508312200619893,0.05691744153282615,19773.66,1235.85375
3,1964,241,133,10,0.12270875763747455,0.04149377593360996,0.0050916496945010185,0.06771894093686355,14343.25,1434.325
30,2119,235,117,17,0.11090136857008023,0.07234042553191489,0.008022652194431336,0.05521472392638037,73911.29,4347.72294117647
31,1460,170,86,12,0.11643835616438356,0.07058823529411765,0.00821917808219178,0.0589041095890411,72208.34,6017.361666666667
32,2070,246,82,6,0.11884057971014493,0.024390243902439025,0.002898550724637681,0.03961352657004831,81744.53,13624.088333333333
33,3690,416,213,33,0.11273712737127371,0.07932692307692307,0.00894308943089431,0.05772357723577236,59264.68,1795.899393939394
34,3087,375,159,17,0.12147716229348883,0.04533333333333334,0.00550696469063816,0.05150631681243926,26104.3,1535.5470588235294
35,527,69,21,9,0.13092979127134724,0.13043478260869565,0.017077798861480076,0.03984819734345351,71626.83,7958.536666666667
36,1053,121,50,4,0.11490978157644824,0.03305785123966942,0.003798670465337132,0.04748338081671415,58801.99,14700.4975
37,2997,362,153,18,0.12078745412078745,0.049723756906077346,0.006006006006006006,0.05105105105105105,46445.2,2580.288888888889
38,3972,509,232,17,0.12814702920443102,0.03339882121807466,0.0042799597180261835,0.05840886203423968,71038.28,4178.722352941177
39,1554,206,74,8,0.13256113256113256,0.038834951456310676,0.005148005148005148,0.047619047619047616,55638.18,6954.7725
4,3035,344,168,14,0.11334431630971993,0.040697674418604654,0.004612850082372323,0.055354200988467876,45326.6,3237.6142857142854
40,2056,262,114,13,0.12743190661478598,0.04961832061068702,0.00632295719844358,0.05544747081712062,53936.41,4148.954615384616
41,1536,175,80,11,0.11393229166666667,0.06285714285714286,0.007161458333333333,0.052083333333333336,85220.35,7747.304545454546
42,4109,483,207,17,0.11754684838160136,0.035196687370600416,0.0041372596738865905,0.050377220734972014,7918.04,465.7670588235294
44,1997,233,126,12,0.11667501251877817,0.05150214592274678,0.006009013520280421,0.06309464196294441,15914.87,1326.2391666666667
45,999,110,58,4,0.11011011011011011,0.03636363636363636,0.004004004004004004,0.05805805805805806,53303.55,13325.8875
46,2541,278,141,9,0.10940574576938213,0.03237410071942446,0.0035419126328217238,0.05548996458087367,94023.76,10447.084444444445
47,3037,360,173,15,0.11853803095159697,0.041666666666666664,0.004939084622983207,0.05696410931840632,69493.36,4632.890666666667
48,983,120,63,7,0.12207527975584945,0.058333333333333334,0.007121057985757884,0.06408952187182096,13842.07,1977.4385714285713
49,1036,120,45,6,0.11583011583011583,0.05,0.005791505791505791,0.04343629343629344,28962.34,4827.056666666666
5,1546,170,107,13,0.10996119016817593,0.07647058823529412,0.008408796895213453,0.06921086675291074,68376.69,5259.745384615385
50,487,51,31,3,0.10472279260780287,0.058823529411764705,0.006160164271047228,0.06365503080082136,47274.7,15758.233333333332
6,1552,168,80,10,0.10824742268041238,0.05952380952380952,0.006443298969072165,0.05154639175257732,78607.49,7860.749000000001
7,1541,162,94,10,0.10512654120700844,0.06172839506172839,0.006489292667099286,0.06099935107073329,43744.59,4374.459
8,2544,297,162,12,0.11674528301886793,0.04040404040404041,0.0047169811320754715,0.06367924528301887,39953.19,3329.4325000000003
9,3142,389,165,14,0.12380649267982177,0.03598971722365039,0.004455760661998727,0.05251432208784214,40094.07,2863.8621428571428
