event_date,impressions,clicks,engagements,purchases,CTR,CVR,Purchase_Rate,Engagement_Rate
2025-05-07,487,59,29,2,0.12114989733059549,0.03389830508474576,0.004106776180698152,0.059548254620123205
2025-05-08,1072,114,61,10,0.10634328358208955,0.08771929824561403,0.009328358208955223,0.05690298507462686
2025-05-09,1105,149,51,6,0.134841628959276,0.040268456375838924,0.005429864253393665,0.046153846153846156
2025-05-10,1104,133,75,3,0.12047101449275362,0.022556390977443608,0.002717391304347826,0.06793478260869565
2025-05-11,1120,136,53,7,0.12142857142857143,0.051470588235294115,0.00625,0.04732142857142857
2025-05-12,1113,129,49,3,0.11590296495956873,0.023255813953488372,0.0026954177897574125,0.0440251572327044
2025-05-13,1093,138,65,7,0.1262580054894785,0.050724637681159424,0.006404391582799634,0.059469350411710885
2025-05-14,1085,141,73,4,0.12995391705069123,0.028368794326241134,0.003686635944700461,0.06728110599078341
2025-05-15,1140,127,64,4,0.11140350877192982,0.031496062992125984,0.0035087719298245615,0.056140350877192984
2025-05-16,1103,145,57,5,0.1314596554850408,0.034482758620689655,0.004533091568449683,0.051677243880326386
2025-05-17,1072,123,60,9,0.11473880597014925,0.07317073170731707,0.008395522388059701,0.055970149253731345
2025-05-18,1132,129,46,6,0.11395759717314488,0.046511627906976744,0.00530035335689046,0.04063604240282685
2025-05-19,1102,121,55,10,0.10980036297640654,0.08264462809917356,0.009074410163339383,0.0499092558983666
2025-05-20,1020,120,48,4,0.11764705882352941,0.03333333333333333,0.00392156862745098,0.047058823529411764
2025-05-21,1107,128,56,10,0.11562782294489611,0.078125,0.009033423667570008,0.05058717253839205
2025-05-22,1098,140,57,9,0.12750455373406194,0.06428571428571428,0.00819672131147541,0.05191256830601093
2025-05-23,1117,132,67,9,0.11817367949865712,0.06818181818181818,0.008057296329453895,0.05998209489704566
2025-05-24,1133,158,55,7,0.13945278022947927,0.04430379746835443,0.00617828773168579,0.04854368932038835
2025-05-25,1085,131,67,6,0.12073732718894009,0.04580152671755725,0.005529953917050691,0.06175115207373272
2025-05-26,1140,110,58,11,0.09649122807017543,0.1,0.009649122807017544,0.05087719298245614
2025-05-27,1072,138,67,7,0.1287313432835821,0.050724637681159424,0.0065298507462686565,0.0625
2025-05-28,1111,135,54,8,0.12151215121512152,0.05925925925925926,0.0072007200720072,0.048604860486048604
2025-05-29,1074,122,81,10,0.11359404096834265,0.08196721311475409,0.00931098696461825,0.07541899441340782
2025-05-30,1128,137,48,7,0.12145390070921985,0.051094890510948905,0.0062056737588652485,0.0425531914893617
2025-05-31,1129,130,51,4,0.11514614703277236,0.03076923076923077,0.00354295837023915,0.045172719220549155
2025-06-01,1146,130,51,10,0.11343804537521815,0.07692307692307693,0.008726003490401396,0.04450261780104712
2025-06-02,1131,145,77,4,0.1282051282051282,0.027586206896551724,0.0035366931918656055,0.0680813439434129
2025-06-03,1049,145,48,4,0.13822688274547187,0.027586206896551724,0.0038131553860819827,0.04575786463298379
2025-06-04,1179,127,59,4,0.1077184054283291,0.031496062992125984,0.0033927056827820186,0.05004240882103478
2025-06-05,1206,122,52,7,0.1011608623548922,0.05737704918032787,0.005804311774461028,0.04311774461028192
2025-06-06,1139,112,59,5,0.09833187006145742,0.044642857142857144,0.004389815627743635,0.05179982440737489
2025-06-07,1130,119,66,7,0.10530973451327434,0.058823529411764705,0.006194690265486726,0.0584070796460177
2025-06-08,1160,129,60,8,0.11120689655172414,0.06201550387596899,0.006896551724137931,0.05172413793103448
2025-06-09,1122,105,70,7,0.09358288770053476,0.06666666666666667,0.006238859180035651,0.062388591800356503
2025-06-10,1154,138,66,15,0.1195840554592721,0.10869565217391304,0.012998266897746967,0.05719237435008666
2025-06-11,1110,121,68,7,0.109009009009009,0.05785123966942149,0.006306306306306306,0.06126126126126126
2025-06-12,1142,130,69,7,0.1138353765323993,0.05384615384615385,0.006129597197898424,0.06042031523642732
2025-06-13,1143,129,63,6,0.11286089238845144,0.046511627906976744,0.005249343832020997,0.05511811023622047
2025-06-14,1083,114,70,8,0.10526315789473684,0.07017543859649122,0.007386888273314866,0.06463527239150507
2025-06-15,1156,127,54,6,0.10986159169550173,0.047244094488188976,0.005190311418685121,0.04671280276816609
2025-06-16,1153,124,61,6,0.10754553339115351,0.04838709677419355,0.005203816131830009,0.05290546400693842
2025-06-17,1140,126,65,12,0.11052631578947368,0.09523809523809523,0.010526315789473684,0.05701754385964912
2025-06-18,1133,118,68,7,0.10414827890556046,0.059322033898305086,0.00617828773168579,0.06001765225066196
2025-06-19,1106,124,66,12,0.11211573236889692,0.0967741935483871,0.0108499095840868,0.059674502712477394
2025-06-20,1102,160,66,14,0.14519056261343014,0.0875,0.012704174228675136,0.05989110707803993
2025-06-21,1125,122,58,8,0.10844444444444444,0.06557377049180328,0.0071111111111111115,0.051555555555555556
2025-06-22,1124,121,59,4,0.10765124555160142,0.03305785123966942,0.0035587188612099642,0.05249110320284697
2025-06-23,1138,148,54,6,0.13005272407732865,0.04054054054054054,0.005272407732864675,0.04745166959578207
2025-06-24,1154,128,57,2,0.11091854419410745,0.015625,0.0017331022530329288,0.049393414211438474
2025-06-25,1095,142,64,6,0.12968036529680366,0.04225352112676056,0.005479452054794521,0.058447488584474884
2025-06-26,1104,142,46,6,0.1286231884057971,0.04225352112676056,0.005434782608695652,0.041666666666666664
2025-06-27,1133,126,66,4,0.11120917917034422,0.031746031746031744,0.00353045013239188,0.05825242718446602
2025-06-28,1106,125,57,7,0.11301989150090416,0.056,0.006329113924050633,0.051537070524412296
2025-06-29,1061,118,61,2,0.1112158341187559,0.01694915254237288,0.001885014137606032,0.057492931196983975
2025-06-30,1080,113,61,7,0.10462962962962963,0.061946902654867256,0.006481481481481481,0.05648148148148148
2025-07-01,1160,144,62,6,0.12413793103448276,0.041666666666666664,0.005172413793103448,0.05344827586206897
2025-07-02,1117,155,49,6,0.1387645478961504,0.03870967741935484,0.005371530886302597,0.043867502238137866
2025-07-03,1126,143,71,5,0.1269982238010657,0.03496503496503497,0.004440497335701598,0.0630550621669627
2025-07-04,1090,120,77,9,0.11009174311926606,0.075,0.008256880733944955,0.07064220183486239
2025-07-05,1142,128,74,9,0.11208406304728546,0.0703125,0.00788091068301226,0.0647985989492119
2025-07-06,1113,119,56,7,0.1069182389937107,0.058823529411764705,0.006289308176100629,0.050314465408805034
2025-07-07,1128,145,58,5,0.12854609929078015,0.034482758620689655,0.004432624113475178,0.051418439716312055
2025-07-08,1093,111,71,6,0.10155535224153706,0.05405405405405406,0.0054894784995425435,0.06495882891125343
2025-07-09,1127,142,70,6,0.12599822537710736,0.04225352112676056,0.005323868677905945,0.062111801242236024
2025-07-10,1137,105,65,13,0.09234828496042216,0.12380952380952381,0.011433597185576077,0.05716798592788039
2025-07-11,1072,142,75,7,0.13246268656716417,0.04929577464788732,0.0065298507462686565,0.06996268656716417
2025-07-12,1062,114,61,8,0.10734463276836158,0.07017543859649122,0.007532956685499058,0.05743879472693032
2025-07-13,1116,130,60,2,0.11648745519713262,0.015384615384615385,0.0017921146953405018,0.053763440860215055
2025-07-14,1120,118,51,4,0.10535714285714286,0.03389830508474576,0.0035714285714285713,0.045535714285714284
2025-07-15,1080,138,50,10,0.12777777777777777,0.07246376811594203,0.009259259259259259,0.046296296296296294
2025-07-16,1132,139,55,2,0.12279151943462897,0.014388489208633094,0.0017667844522968198,0.04858657243816254
2025-07-17,1111,116,65,5,0.10441044104410441,0.04310344827586207,0.004500450045004501,0.05850585058505851
2025-07-18,1063,158,59,6,0.14863593603010347,0.0379746835443038,0.005644402634054563,0.055503292568203196
2025-07-19,1109,125,57,6,0.1127141568981064,0.048,0.005410279531109108,0.05139765554553652
2025-07-20,1097,128,58,5,0.11668185961713765,0.0390625,0.004557885141294439,0.0528714676390155
2025-07-21,1162,126,62,5,0.10843373493975904,0.03968253968253968,0.004302925989672977,0.05335628227194492
2025-07-22,1165,145,64,4,0.12446351931330472,0.027586206896551724,0.0034334763948497852,0.054935622317596564
2025-07-23,1160,111,64,7,0.09568965517241379,0.06306306306306306,0.00603448275862069,0.05517241379310345
2025-07-24,1130,135,57,3,0.11946902654867257,0.022222222222222223,0.002654867256637168,0.050442477876106194
2025-07-25,1124,134,62,7,0.11921708185053381,0.05223880597014925,0.006227758007117438,0.05516014234875445
2025-07-26,1139,129,59,5,0.11325724319578578,0.03875968992248062,0.004389815627743635,0.05179982440737489
2025-07-27,1087,142,64,6,0.13063477460901565,0.04225352112676056,0.005519779208831647,0.05887764489420423
2025-07-28,1142,131,48,6,0.11471103327495621,0.04580152671755725,0.005253940455341506,0.04203152364273205
2025-07-29,1130,121,62,4,0.10707964601769912,0.03305785123966942,0.0035398230088495575,0.05486725663716814
2025-07-30,1114,130,66,7,0.11669658886894076,0.05384615384615385,0.0062836624775583485,0.059245960502693
2025-07-31,1092,151,53,9,0.1382783882783883,0.059602649006622516,0.008241758241758242,0.048534798534798536
2025-08-01,1154,135,66,9,0.1169844020797227,0.06666666666666667,0.00779896013864818,0.05719237435008666
2025-08-02,1110,154,74,10,0.13873873873873874,0.06493506493506493,0.009009009009009009,0.06666666666666667
2025-08-03,1110,141,61,9,0.12702702702702703,0.06382978723404255,0.008108108108108109,0.054954954954954956
2025-08-04,1062,169,68,4,0.1591337099811676,0.023668639053254437,0.003766478342749529,0.064030131826742
2025-08-05,1125,147,56,6,0.13066666666666665,0.04081632653061224,0.005333333333333333,0.049777777777777775
2025-08-06,657,75,30,4,0.1141552511415525,0.05333333333333334,0.0060882800608828,0.045662100456621
